Nombre,Marca,ID,Tipo
Hot Wheels Mustang 1,Mattel,35,Mu吝ca
Osito de Peluche 2,Hasbro,100,Exterior
Kinetic Sand,Ty,250,Juego de Mesa
Transformers Bumblubee  4,Ty,4,Figura
Monopoly  Gamer 5,Ty,199,Juego de Mesa
Hot Wheels Mustang 6,Mattel,400,Carro control remoto
Transformers Optimus Prime 7,Ty,700,Figura
Puzzle 1000 Piezas 8,Hasbro,300,Didactico
Transformers Optimus Prime 9,Hasbro,149,Figura
Pista HotWheels 10,Mattel,1100,Vehiculo
Moldes de comida 11,Play-Doh,499,Didactico
Monopoly Clasico 12,Ty,799,Juego de Mesa
Hot Wheels Mustang 13,Mattel,140,Carro control remoto
Play-Doh Kit 14,Lego,14,Figura de Acci칩n
Mu침eca Barbie 15,Lego,15,Manualidad
Bicicleta Infantil 16,Lego,16,Mu침eca
Hot Wheels Mustang 17,DJI,17,Exterior
Monopoly Cl치sico 18,Lego,18,Peluche
Osito de Peluche 19,Lego,19,Electr칩nico
Hot Wheels Mustang 20,BH,20,Mu침eca
Drone DJI Mini 21,Hasbro,21,Exterior
Hot Wheels Mustang 22,Mattel,22,Exterior
Mu침eca Barbie 23,Hasbro,23,Veh칤culo
Mu침eca Barbie 24,Ravensburger,24,Manualidad
Osito de Peluche 25,Ravensburger,25,Peluche
Mu침eca Barbie 26,DJI,26,Electr칩nico
Play-Doh Kit 27,Lego,27,Figura de Acci칩n
Play-Doh Kit 28,Mattel,28,Peluche
Bicicleta Infantil 29,BH,29,Figura de Acci칩n
Drone DJI Mini 30,BH,30,Mu침eca
Osito de Peluche 31,DJI,31,Veh칤culo
Bicicleta Infantil 32,Lego,32,Peluche
Hot Wheels Mustang 33,Ravensburger,33,Peluche
Monopoly Cl치sico 34,Lego,34,Construcci칩n
Hot Wheels Mustang 35,Lego,35,Peluche
Osito de Peluche 36,Hasbro,36,Electr칩nico
Hot Wheels Mustang 37,Mattel,37,Construcci칩n
Puzzle 1000 Piezas 38,DJI,38,Puzzle
Monopoly Cl치sico 39,Lego,39,Juego de Mesa
Hot Wheels Mustang 40,BH,40,Puzzle
Monopoly Cl치sico 41,BH,41,Exterior
Puzzle 1000 Piezas 42,DJI,42,Peluche
Play-Doh Kit 43,Lego,43,Construcci칩n
Osito de Peluche 44,Mattel,44,Juego de Mesa
Bicicleta Infantil 45,Lego,45,Puzzle
Mu침eca Barbie 46,Ravensburger,46,Construcci칩n
Transformers Optimus Prime 47,DJI,47,Construcci칩n
Mu침eca Barbie 48,Hasbro,48,Peluche
Drone DJI Mini 49,Play-Doh,49,Electr칩nico
Transformers Optimus Prime 50,Lego,50,Manualidad
Drone DJI Mini 51,Lego,51,Puzzle
Transformers Optimus Prime 52,Mattel,52,Puzzle
Puzzle 1000 Piezas 53,Mattel,53,Exterior
Lego Star Wars 54,Ty,54,Peluche
Osito de Peluche 55,Play-Doh,55,Peluche
Hot Wheels Mustang 56,Mattel,56,Peluche
Mu침eca Barbie 57,Play-Doh,57,Peluche
Hot Wheels Mustang 58,BH,58,Peluche
Hot Wheels Mustang 59,Mattel,59,Peluche
Puzzle 1000 Piezas 60,Ty,60,Juego de Mesa
Lego Star Wars 61,Hasbro,61,Exterior
Play-Doh Kit 62,DJI,62,Exterior
Mu침eca Barbie 63,DJI,63,Puzzle
Lego Star Wars 64,Mattel,64,Construcci칩n
Lego Star Wars 65,BH,65,Figura de Acci칩n
Mu침eca Barbie 66,Ty,66,Manualidad
Play-Doh Kit 67,Hasbro,67,Juego de Mesa
Puzzle 1000 Piezas 68,Mattel,68,Mu침eca
Drone DJI Mini 69,Play-Doh,69,Puzzle
Hot Wheels Mustang 70,DJI,70,Electr칩nico
Transformers Optimus Prime 71,Ty,71,Veh칤culo
Bicicleta Infantil 72,BH,72,Puzzle
Monopoly Cl치sico 73,Ravensburger,73,Manualidad
Play-Doh Kit 74,Lego,74,Veh칤culo
Hot Wheels Mustang 75,BH,75,Juego de Mesa
Bicicleta Infantil 76,Mattel,76,Puzzle
Puzzle 1000 Piezas 77,Mattel,77,Mu침eca
Bicicleta Infantil 78,Hasbro,78,Exterior
Puzzle 1000 Piezas 79,Hasbro,79,Veh칤culo
Monopoly Cl치sico 80,Play-Doh,80,Puzzle
Lego Star Wars 81,Hasbro,81,Construcci칩n
Osito de Peluche 82,Ty,82,Exterior
Play-Doh Kit 83,Mattel,83,Figura de Acci칩n
Transformers Optimus Prime 84,BH,84,Puzzle
Bicicleta Infantil 85,Ravensburger,85,Veh칤culo
Bicicleta Infantil 86,Mattel,86,Veh칤culo
Hot Wheels Mustang 87,Play-Doh,87,Exterior
Osito de Peluche 88,Ty,88,Mu침eca
Lego Star Wars 89,BH,89,Exterior
Drone DJI Mini 90,Lego,90,Exterior
Play-Doh Kit 91,Play-Doh,91,Construcci칩n
Drone DJI Mini 92,BH,92,Juego de Mesa
Transformers Optimus Prime 93,Lego,93,Exterior
Monopoly Cl치sico 94,Lego,94,Figura de Acci칩n
Drone DJI Mini 95,Ty,95,Peluche
Hot Wheels Mustang 96,Ravensburger,96,Exterior
Hot Wheels Mustang 97,Ty,97,Figura de Acci칩n
Osito de Peluche 98,Ty,98,Mu침eca
Puzzle 1000 Piezas 99,Mattel,99,Exterior
Lego Star Wars 100,Mattel,100,Electr칩nico
Bicicleta Infantil 101,Ravensburger,101,Veh칤culo
Puzzle 1000 Piezas 102,Mattel,102,Peluche
Transformers Optimus Prime 103,Ravensburger,103,Juego de Mesa
Play-Doh Kit 104,DJI,104,Construcci칩n
Osito de Peluche 105,Hasbro,105,Exterior
Monopoly Cl치sico 106,Play-Doh,106,Veh칤culo
Hot Wheels Mustang 107,Hasbro,107,Veh칤culo
Mu침eca Barbie 108,BH,108,Peluche
Mu침eca Barbie 109,Mattel,109,Exterior
Play-Doh Kit 110,Play-Doh,110,Electr칩nico
Transformers Optimus Prime 111,DJI,111,Construcci칩n
Drone DJI Mini 112,Mattel,112,Construcci칩n
Mu침eca Barbie 113,BH,113,Veh칤culo
Drone DJI Mini 114,Hasbro,114,Veh칤culo
Monopoly Cl치sico 115,BH,115,Mu침eca
Bicicleta Infantil 116,Mattel,116,Puzzle
Drone DJI Mini 117,Hasbro,117,Peluche
Lego Star Wars 118,Mattel,118,Juego de Mesa
Transformers Optimus Prime 119,Mattel,119,Exterior
Monopoly Cl치sico 120,Ty,120,Peluche
Play-Doh Kit 121,Ravensburger,121,Figura de Acci칩n
Transformers Optimus Prime 122,Play-Doh,122,Figura de Acci칩n
Drone DJI Mini 123,Hasbro,123,Manualidad
Drone DJI Mini 124,Mattel,124,Peluche
Drone DJI Mini 125,Mattel,125,Veh칤culo
Bicicleta Infantil 126,BH,126,Manualidad
Transformers Optimus Prime 127,BH,127,Veh칤culo
Puzzle 1000 Piezas 128,Mattel,128,Electr칩nico
Puzzle 1000 Piezas 129,Ravensburger,129,Electr칩nico
Bicicleta Infantil 130,Lego,130,Juego de Mesa
Mu침eca Barbie 131,Play-Doh,131,Figura de Acci칩n
Drone DJI Mini 132,Play-Doh,132,Electr칩nico
Monopoly Cl치sico 133,Lego,133,Figura de Acci칩n
Bicicleta Infantil 134,Ty,134,Mu침eca
Monopoly Cl치sico 135,BH,135,Manualidad
Osito de Peluche 136,Hasbro,136,Juego de Mesa
Transformers Optimus Prime 137,Ravensburger,137,Manualidad
Osito de Peluche 138,Play-Doh,138,Manualidad
Hot Wheels Mustang 139,Lego,139,Construcci칩n
Lego Star Wars 140,Play-Doh,140,Peluche
Osito de Peluche 141,BH,141,Manualidad
Osito de Peluche 142,Ty,142,Exterior
Puzzle 1000 Piezas 143,Mattel,143,Peluche
Play-Doh Kit 144,Mattel,144,Peluche
Osito de Peluche 145,Lego,145,Manualidad
Bicicleta Infantil 146,Ty,146,Construcci칩n
Monopoly Cl치sico 147,Hasbro,147,Exterior
Play-Doh Kit 148,Play-Doh,148,Electr칩nico
Transformers Optimus Prime 149,Ty,149,Mu침eca
Osito de Peluche 150,Lego,150,Veh칤culo
Play-Doh Kit 151,Mattel,151,Mu침eca
Lego Star Wars 152,Lego,152,Electr칩nico
Lego Star Wars 153,Play-Doh,153,Exterior
Play-Doh Kit 154,Hasbro,154,Mu침eca
Monopoly Cl치sico 155,Lego,155,Veh칤culo
Drone DJI Mini 156,Hasbro,156,Exterior
Lego Star Wars 157,BH,157,Figura de Acci칩n
Play-Doh Kit 158,Play-Doh,158,Manualidad
Bicicleta Infantil 159,BH,159,Veh칤culo
Transformers Optimus Prime 160,BH,160,Juego de Mesa
Puzzle 1000 Piezas 161,Mattel,161,Figura de Acci칩n
Transformers Optimus Prime 162,Ravensburger,162,Manualidad
Mu침eca Barbie 163,DJI,163,Veh칤culo
Lego Star Wars 164,Mattel,164,Juego de Mesa
Hot Wheels Mustang 165,Hasbro,165,Manualidad
Monopoly Cl치sico 166,BH,166,Electr칩nico
Drone DJI Mini 167,BH,167,Juego de Mesa
Hot Wheels Mustang 168,DJI,168,Puzzle
Mu침eca Barbie 169,Play-Doh,169,Manualidad
Puzzle 1000 Piezas 170,Play-Doh,170,Electr칩nico
Drone DJI Mini 171,Mattel,171,Mu침eca
Bicicleta Infantil 172,Play-Doh,172,Exterior
Monopoly Cl치sico 173,BH,173,Figura de Acci칩n
Puzzle 1000 Piezas 174,Lego,174,Veh칤culo
Osito de Peluche 175,Mattel,175,Construcci칩n
Puzzle 1000 Piezas 176,Mattel,176,Puzzle
Transformers Optimus Prime 177,Mattel,177,Construcci칩n
Osito de Peluche 178,Ty,178,Veh칤culo
Drone DJI Mini 179,Ravensburger,179,Exterior
Mu침eca Barbie 180,Ravensburger,180,Manualidad
Drone DJI Mini 181,Hasbro,181,Peluche
Monopoly Cl치sico 182,Ravensburger,182,Figura de Acci칩n
Lego Star Wars 183,Lego,183,Construcci칩n
Drone DJI Mini 184,Play-Doh,184,Manualidad
Puzzle 1000 Piezas 185,Hasbro,185,Construcci칩n
Transformers Optimus Prime 186,Lego,186,Manualidad
Mu침eca Barbie 187,Ty,187,Construcci칩n
Osito de Peluche 188,Ravensburger,188,Construcci칩n
Puzzle 1000 Piezas 189,BH,189,Exterior
Play-Doh Kit 190,Hasbro,190,Electr칩nico
Bicicleta Infantil 191,Ravensburger,191,Construcci칩n
Transformers Optimus Prime 192,Ravensburger,192,Veh칤culo
Mu침eca Barbie 193,Mattel,193,Mu침eca
Bicicleta Infantil 194,Mattel,194,Peluche
Hot Wheels Mustang 195,Hasbro,195,Veh칤culo
Hot Wheels Mustang 196,Lego,196,Manualidad
Osito de Peluche 197,Mattel,197,Puzzle
Hot Wheels Mustang 198,Ty,198,Construcci칩n
Mu침eca Barbie 199,Lego,199,Construcci칩n
Hot Wheels Mustang 200,Ty,200,Construcci칩n
Mu침eca Barbie 201,Ravensburger,201,Manualidad
Play-Doh Kit 202,Play-Doh,202,Manualidad
Lego Star Wars 203,Ty,203,Electr칩nico
Osito de Peluche 204,Hasbro,204,Mu침eca
Drone DJI Mini 205,DJI,205,Juego de Mesa
Puzzle 1000 Piezas 206,Hasbro,206,Peluche
Drone DJI Mini 207,DJI,207,Puzzle
Hot Wheels Mustang 208,Lego,208,Figura de Acci칩n
Hot Wheels Mustang 209,BH,209,Electr칩nico
Drone DJI Mini 210,BH,210,Manualidad
Transformers Optimus Prime 211,Ty,211,Manualidad
Lego Star Wars 212,Ravensburger,212,Figura de Acci칩n
Lego Star Wars 213,DJI,213,Manualidad
Monopoly Cl치sico 214,DJI,214,Mu침eca
Play-Doh Kit 215,Ravensburger,215,Mu침eca
Monopoly Cl치sico 216,DJI,216,Figura de Acci칩n
Monopoly Cl치sico 217,Play-Doh,217,Construcci칩n
Drone DJI Mini 218,Ty,218,Exterior
Osito de Peluche 219,Hasbro,219,Juego de Mesa
Drone DJI Mini 220,BH,220,Peluche
Bicicleta Infantil 221,Lego,221,Veh칤culo
Play-Doh Kit 222,Mattel,222,Figura de Acci칩n
Lego Star Wars 223,BH,223,Peluche
Mu침eca Barbie 224,Ravensburger,224,Construcci칩n
Osito de Peluche 225,Mattel,225,Mu침eca
Hot Wheels Mustang 226,Lego,226,Exterior
Drone DJI Mini 227,Ravensburger,227,Electr칩nico
Lego Star Wars 228,DJI,228,Exterior
Mu침eca Barbie 229,Lego,229,Puzzle
Transformers Optimus Prime 230,BH,230,Veh칤culo
Mu침eca Barbie 231,Hasbro,231,Construcci칩n
Drone DJI Mini 232,Mattel,232,Puzzle
Osito de Peluche 233,BH,233,Juego de Mesa
Bicicleta Infantil 234,Ty,234,Manualidad
Monopoly Cl치sico 235,Ty,235,Manualidad
Bicicleta Infantil 236,Mattel,236,Manualidad
Lego Star Wars 237,Play-Doh,237,Manualidad
Monopoly Cl치sico 238,Mattel,238,Peluche
Bicicleta Infantil 239,Play-Doh,239,Puzzle
Monopoly Cl치sico 240,DJI,240,Juego de Mesa
Transformers Optimus Prime 241,Ravensburger,241,Peluche
Osito de Peluche 242,Mattel,242,Mu침eca
Bicicleta Infantil 243,Ty,243,Veh칤culo
Drone DJI Mini 244,Ty,244,Veh칤culo
Hot Wheels Mustang 245,DJI,245,Veh칤culo
Osito de Peluche 246,Mattel,246,Veh칤culo
Hot Wheels Mustang 247,BH,247,Figura de Acci칩n
Osito de Peluche 248,DJI,248,Peluche
Bicicleta Infantil 249,DJI,249,Construcci칩n
Transformers Optimus Prime 250,DJI,250,Peluche
Bicicleta Infantil 251,Play-Doh,251,Juego de Mesa
Lego Star Wars 252,Hasbro,252,Exterior
Osito de Peluche 253,Ravensburger,253,Manualidad
Hot Wheels Mustang 254,Ty,254,Figura de Acci칩n
Monopoly Cl치sico 255,Ravensburger,255,Manualidad
Play-Doh Kit 256,Lego,256,Peluche
Monopoly Cl치sico 257,Ty,257,Juego de Mesa
Lego Star Wars 258,DJI,258,Manualidad
Lego Star Wars 259,Mattel,259,Peluche
Puzzle 1000 Piezas 260,Lego,260,Puzzle
Transformers Optimus Prime 261,Ty,261,Mu침eca
Puzzle 1000 Piezas 262,Hasbro,262,Manualidad
Transformers Optimus Prime 263,DJI,263,Juego de Mesa
Drone DJI Mini 264,Lego,264,Electr칩nico
Mu침eca Barbie 265,Mattel,265,Peluche
Drone DJI Mini 266,Ty,266,Figura de Acci칩n
Bicicleta Infantil 267,Hasbro,267,Figura de Acci칩n
Mu침eca Barbie 268,DJI,268,Mu침eca
Play-Doh Kit 269,Mattel,269,Veh칤culo
Monopoly Cl치sico 270,Ty,270,Peluche
Mu침eca Barbie 271,Lego,271,Veh칤culo
Hot Wheels Mustang 272,Ty,272,Manualidad
Hot Wheels Mustang 273,BH,273,Exterior
Osito de Peluche 274,Hasbro,274,Puzzle
Osito de Peluche 275,Mattel,275,Construcci칩n
Monopoly Cl치sico 276,DJI,276,Puzzle
Bicicleta Infantil 277,BH,277,Exterior
Drone DJI Mini 278,BH,278,Puzzle
Puzzle 1000 Piezas 279,BH,279,Construcci칩n
Hot Wheels Mustang 280,Mattel,280,Puzzle
Bicicleta Infantil 281,BH,281,Peluche
Play-Doh Kit 282,Mattel,282,Construcci칩n
Bicicleta Infantil 283,Mattel,283,Veh칤culo
Play-Doh Kit 284,Lego,284,Puzzle
Osito de Peluche 285,Lego,285,Peluche
Puzzle 1000 Piezas 286,Ravensburger,286,Figura de Acci칩n
Hot Wheels Mustang 287,BH,287,Manualidad
Hot Wheels Mustang 288,Ravensburger,288,Manualidad
Monopoly Cl치sico 289,Ty,289,Peluche
Mu침eca Barbie 290,Play-Doh,290,Puzzle
Lego Star Wars 291,Hasbro,291,Manualidad
Play-Doh Kit 292,Ravensburger,292,Mu침eca
Play-Doh Kit 293,Play-Doh,293,Electr칩nico
Lego Star Wars 294,Ty,294,Juego de Mesa
Transformers Optimus Prime 295,Hasbro,295,Construcci칩n
Drone DJI Mini 296,Ravensburger,296,Puzzle
Transformers Optimus Prime 297,Hasbro,297,Figura de Acci칩n
Monopoly Cl치sico 298,Play-Doh,298,Puzzle
Play-Doh Kit 299,Ravensburger,299,Mu침eca
Mu침eca Barbie 300,Mattel,300,Electr칩nico
Hot Wheels Mustang 301,Mattel,301,Puzzle
Osito de Peluche 302,Play-Doh,302,Electr칩nico
Drone DJI Mini 303,DJI,303,Veh칤culo
Mu침eca Barbie 304,BH,304,Puzzle
Puzzle 1000 Piezas 305,Ty,305,Veh칤culo
Hot Wheels Mustang 306,Ravensburger,306,Mu침eca
Lego Star Wars 307,Lego,307,Manualidad
Hot Wheels Mustang 308,Hasbro,308,Puzzle
Drone DJI Mini 309,Play-Doh,309,Exterior
Bicicleta Infantil 310,Ty,310,Juego de Mesa
Transformers Optimus Prime 311,Lego,311,Exterior
Drone DJI Mini 312,Lego,312,Construcci칩n
Transformers Optimus Prime 313,DJI,313,Puzzle
Lego Star Wars 314,DJI,314,Construcci칩n
Bicicleta Infantil 315,DJI,315,Veh칤culo
Play-Doh Kit 316,BH,316,Electr칩nico
Lego Star Wars 317,Play-Doh,317,Figura de Acci칩n
Lego Star Wars 318,Play-Doh,318,Construcci칩n
Monopoly Cl치sico 319,Ravensburger,319,Juego de Mesa
Puzzle 1000 Piezas 320,Ty,320,Mu침eca
Monopoly Cl치sico 321,Hasbro,321,Peluche
Lego Star Wars 322,Lego,322,Manualidad
Drone DJI Mini 323,Mattel,323,Veh칤culo
Lego Star Wars 324,Lego,324,Veh칤culo
Play-Doh Kit 325,BH,325,Manualidad
Bicicleta Infantil 326,Ravensburger,326,Puzzle
Lego Star Wars 327,Hasbro,327,Peluche
Transformers Optimus Prime 328,Play-Doh,328,Peluche
Bicicleta Infantil 329,Lego,329,Manualidad
Play-Doh Kit 330,Lego,330,Mu침eca
Bicicleta Infantil 331,Ty,331,Figura de Acci칩n
Transformers Optimus Prime 332,Hasbro,332,Exterior
Play-Doh Kit 333,Ravensburger,333,Puzzle
Lego Star Wars 334,Play-Doh,334,Figura de Acci칩n
Mu침eca Barbie 335,Ravensburger,335,Juego de Mesa
Play-Doh Kit 336,Ty,336,Manualidad
Bicicleta Infantil 337,Mattel,337,Veh칤culo
Mu침eca Barbie 338,Hasbro,338,Juego de Mesa
Bicicleta Infantil 339,Ty,339,Puzzle
Hot Wheels Mustang 340,Mattel,340,Exterior
Monopoly Cl치sico 341,Lego,341,Juego de Mesa
Drone DJI Mini 342,Hasbro,342,Exterior
Osito de Peluche 343,Mattel,343,Exterior
Mu침eca Barbie 344,Lego,344,Puzzle
Transformers Optimus Prime 345,Lego,345,Manualidad
Hot Wheels Mustang 346,Play-Doh,346,Veh칤culo
Hot Wheels Mustang 347,Lego,347,Exterior
Puzzle 1000 Piezas 348,Ravensburger,348,Figura de Acci칩n
Monopoly Cl치sico 349,DJI,349,Veh칤culo
Monopoly Cl치sico 350,BH,350,Manualidad
Mu침eca Barbie 351,Lego,351,Peluche
Mu침eca Barbie 352,Ty,352,Manualidad
Monopoly Cl치sico 353,Lego,353,Electr칩nico
Lego Star Wars 354,Ty,354,Figura de Acci칩n
Mu침eca Barbie 355,Ty,355,Electr칩nico
Mu침eca Barbie 356,Hasbro,356,Mu침eca
Puzzle 1000 Piezas 357,Play-Doh,357,Exterior
Transformers Optimus Prime 358,Mattel,358,Electr칩nico
Osito de Peluche 359,Mattel,359,Manualidad
Osito de Peluche 360,Hasbro,360,Electr칩nico
Puzzle 1000 Piezas 361,Lego,361,Figura de Acci칩n
Play-Doh Kit 362,Mattel,362,Juego de Mesa
Osito de Peluche 363,Ty,363,Veh칤culo
Play-Doh Kit 364,DJI,364,Exterior
Transformers Optimus Prime 365,Mattel,365,Juego de Mesa
Lego Star Wars 366,Hasbro,366,Figura de Acci칩n
Mu침eca Barbie 367,BH,367,Construcci칩n
Mu침eca Barbie 368,DJI,368,Construcci칩n
Monopoly Cl치sico 369,Ravensburger,369,Peluche
Transformers Optimus Prime 370,Ty,370,Mu침eca
Drone DJI Mini 371,Ravensburger,371,Peluche
Drone DJI Mini 372,BH,372,Mu침eca
Mu침eca Barbie 373,Lego,373,Manualidad
Mu침eca Barbie 374,DJI,374,Manualidad
Mu침eca Barbie 375,DJI,375,Figura de Acci칩n
Lego Star Wars 376,Ravensburger,376,Juego de Mesa
Mu침eca Barbie 377,Ty,377,Exterior
Hot Wheels Mustang 378,DJI,378,Puzzle
Drone DJI Mini 379,Ravensburger,379,Manualidad
Monopoly Cl치sico 380,BH,380,Mu침eca
Bicicleta Infantil 381,BH,381,Exterior
Play-Doh Kit 382,Ravensburger,382,Figura de Acci칩n
Drone DJI Mini 383,BH,383,Exterior
Hot Wheels Mustang 384,Ravensburger,384,Electr칩nico
Hot Wheels Mustang 385,Lego,385,Veh칤culo
Hot Wheels Mustang 386,Lego,386,Exterior
Monopoly Cl치sico 387,Ty,387,Construcci칩n
Play-Doh Kit 388,DJI,388,Figura de Acci칩n
Drone DJI Mini 389,BH,389,Juego de Mesa
Transformers Optimus Prime 390,Ty,390,Construcci칩n
Monopoly Cl치sico 391,Ravensburger,391,Juego de Mesa
Osito de Peluche 392,BH,392,Exterior
Monopoly Cl치sico 393,Ty,393,Electr칩nico
Monopoly Cl치sico 394,Play-Doh,394,Exterior
Monopoly Cl치sico 395,DJI,395,Figura de Acci칩n
Lego Star Wars 396,BH,396,Veh칤culo
Monopoly Cl치sico 397,Ty,397,Electr칩nico
Monopoly Cl치sico 398,Hasbro,398,Exterior
Transformers Optimus Prime 399,Play-Doh,399,Puzzle
Monopoly Cl치sico 400,Mattel,400,Construcci칩n
Play-Doh Kit 401,BH,401,Juego de Mesa
Bicicleta Infantil 402,BH,402,Manualidad
Puzzle 1000 Piezas 403,Mattel,403,Figura de Acci칩n
Play-Doh Kit 404,Ravensburger,404,Mu침eca
Monopoly Cl치sico 405,BH,405,Veh칤culo
Transformers Optimus Prime 406,Hasbro,406,Peluche
Transformers Optimus Prime 407,BH,407,Mu침eca
Puzzle 1000 Piezas 408,Ravensburger,408,Veh칤culo
Transformers Optimus Prime 409,Ravensburger,409,Construcci칩n
Monopoly Cl치sico 410,Mattel,410,Electr칩nico
Mu침eca Barbie 411,Play-Doh,411,Juego de Mesa
Transformers Optimus Prime 412,Lego,412,Figura de Acci칩n
Bicicleta Infantil 413,Hasbro,413,Electr칩nico
Lego Star Wars 414,Play-Doh,414,Construcci칩n
Mu침eca Barbie 415,DJI,415,Mu침eca
Bicicleta Infantil 416,Ravensburger,416,Peluche
Monopoly Cl치sico 417,Lego,417,Figura de Acci칩n
Mu침eca Barbie 418,Ty,418,Manualidad
Bicicleta Infantil 419,Lego,419,Mu침eca
Monopoly Cl치sico 420,Hasbro,420,Peluche
Play-Doh Kit 421,BH,421,Figura de Acci칩n
Bicicleta Infantil 422,Lego,422,Figura de Acci칩n
Drone DJI Mini 423,Lego,423,Exterior
Monopoly Cl치sico 424,Hasbro,424,Veh칤culo
Hot Wheels Mustang 425,Play-Doh,425,Mu침eca
Mu침eca Barbie 426,Mattel,426,Exterior
Hot Wheels Mustang 427,DJI,427,Juego de Mesa
Bicicleta Infantil 428,DJI,428,Mu침eca
Mu침eca Barbie 429,Play-Doh,429,Manualidad
Transformers Optimus Prime 430,Ravensburger,430,Manualidad
Play-Doh Kit 431,Play-Doh,431,Mu침eca
Play-Doh Kit 432,Lego,432,Veh칤culo
Osito de Peluche 433,DJI,433,Construcci칩n
Drone DJI Mini 434,Ravensburger,434,Electr칩nico
Drone DJI Mini 435,Lego,435,Mu침eca
Osito de Peluche 436,Hasbro,436,Juego de Mesa
Drone DJI Mini 437,Play-Doh,437,Exterior
Play-Doh Kit 438,Ty,438,Peluche
Mu침eca Barbie 439,Play-Doh,439,Mu침eca
Hot Wheels Mustang 440,BH,440,Manualidad
Lego Star Wars 441,DJI,441,Exterior
Hot Wheels Mustang 442,Play-Doh,442,Figura de Acci칩n
Transformers Optimus Prime 443,Play-Doh,443,Peluche
Monopoly Cl치sico 444,Ty,444,Veh칤culo
Play-Doh Kit 445,BH,445,Construcci칩n
Bicicleta Infantil 446,Ravensburger,446,Juego de Mesa
Lego Star Wars 447,Mattel,447,Juego de Mesa
Hot Wheels Mustang 448,Play-Doh,448,Puzzle
Hot Wheels Mustang 449,Play-Doh,449,Construcci칩n
Mu침eca Barbie 450,Ravensburger,450,Electr칩nico
Lego Star Wars 451,Play-Doh,451,Puzzle
Transformers Optimus Prime 452,DJI,452,Puzzle
Mu침eca Barbie 453,Hasbro,453,Juego de Mesa
Hot Wheels Mustang 454,BH,454,Puzzle
Lego Star Wars 455,Lego,455,Manualidad
Play-Doh Kit 456,BH,456,Juego de Mesa
Puzzle 1000 Piezas 457,BH,457,Figura de Acci칩n
Mu침eca Barbie 458,Ravensburger,458,Electr칩nico
Mu침eca Barbie 459,Mattel,459,Juego de Mesa
Drone DJI Mini 460,BH,460,Peluche
Lego Star Wars 461,Hasbro,461,Veh칤culo
Transformers Optimus Prime 462,Lego,462,Exterior
Osito de Peluche 463,Ravensburger,463,Veh칤culo
Hot Wheels Mustang 464,Hasbro,464,Puzzle
Puzzle 1000 Piezas 465,DJI,465,Construcci칩n
Mu침eca Barbie 466,Mattel,466,Veh칤culo
Mu침eca Barbie 467,Lego,467,Construcci칩n
Hot Wheels Mustang 468,BH,468,Juego de Mesa
Osito de Peluche 469,BH,469,Veh칤culo
Play-Doh Kit 470,DJI,470,Manualidad
Monopoly Cl치sico 471,DJI,471,Manualidad
Monopoly Cl치sico 472,DJI,472,Juego de Mesa
Puzzle 1000 Piezas 473,Mattel,473,Juego de Mesa
Play-Doh Kit 474,Ravensburger,474,Veh칤culo
Puzzle 1000 Piezas 475,BH,475,Electr칩nico
Hot Wheels Mustang 476,Ravensburger,476,Electr칩nico
Drone DJI Mini 477,Mattel,477,Veh칤culo
Puzzle 1000 Piezas 478,Ty,478,Electr칩nico
Hot Wheels Mustang 479,Mattel,479,Veh칤culo
Hot Wheels Mustang 480,Lego,480,Mu침eca
Puzzle 1000 Piezas 481,DJI,481,Manualidad
Hot Wheels Mustang 482,Hasbro,482,Puzzle
Lego Star Wars 483,Ty,483,Veh칤culo
Puzzle 1000 Piezas 484,Lego,484,Mu침eca
Hot Wheels Mustang 485,DJI,485,Figura de Acci칩n
Hot Wheels Mustang 486,Lego,486,Juego de Mesa
Transformers Optimus Prime 487,Mattel,487,Puzzle
Mu침eca Barbie 488,Ty,488,Juego de Mesa
Monopoly Cl치sico 489,Ravensburger,489,Puzzle
Puzzle 1000 Piezas 490,Mattel,490,Mu침eca
Monopoly Cl치sico 491,Mattel,491,Electr칩nico
Monopoly Cl치sico 492,Hasbro,492,Juego de Mesa
Mu침eca Barbie 493,Ty,493,Exterior
Transformers Optimus Prime 494,Ty,494,Puzzle
Drone DJI Mini 495,DJI,495,Electr칩nico
Mu침eca Barbie 496,BH,496,Mu침eca
Monopoly Cl치sico 497,Mattel,497,Juego de Mesa
Monopoly Cl치sico 498,DJI,498,Manualidad
Mu침eca Barbie 499,Ty,499,Peluche
Monopoly Cl치sico 500,Ravensburger,500,Puzzle
Drone DJI Mini 501,Mattel,501,Construcci칩n
Mu침eca Barbie 502,Mattel,502,Mu침eca
Drone DJI Mini 503,DJI,503,Mu침eca
Lego Star Wars 504,BH,504,Manualidad
Bicicleta Infantil 505,Lego,505,Exterior
Osito de Peluche 506,Hasbro,506,Veh칤culo
Bicicleta Infantil 507,DJI,507,Figura de Acci칩n
Puzzle 1000 Piezas 508,Lego,508,Exterior
Play-Doh Kit 509,BH,509,Puzzle
Monopoly Cl치sico 510,Hasbro,510,Veh칤culo
Play-Doh Kit 511,Lego,511,Juego de Mesa
Monopoly Cl치sico 512,Ty,512,Veh칤culo
Play-Doh Kit 513,Play-Doh,513,Mu침eca
Hot Wheels Mustang 514,Hasbro,514,Exterior
Lego Star Wars 515,Lego,515,Exterior
Mu침eca Barbie 516,Lego,516,Peluche
Drone DJI Mini 517,DJI,517,Mu침eca
Monopoly Cl치sico 518,Hasbro,518,Peluche
Drone DJI Mini 519,Hasbro,519,Electr칩nico
Lego Star Wars 520,BH,520,Peluche
Bicicleta Infantil 521,Hasbro,521,Construcci칩n
Transformers Optimus Prime 522,Ravensburger,522,Puzzle
Play-Doh Kit 523,BH,523,Veh칤culo
Transformers Optimus Prime 524,Ty,524,Veh칤culo
Puzzle 1000 Piezas 525,BH,525,Exterior
Drone DJI Mini 526,Play-Doh,526,Juego de Mesa
Drone DJI Mini 527,Hasbro,527,Juego de Mesa
Play-Doh Kit 528,BH,528,Mu침eca
Transformers Optimus Prime 529,BH,529,Peluche
Puzzle 1000 Piezas 530,Ravensburger,530,Veh칤culo
Transformers Optimus Prime 531,DJI,531,Peluche
Lego Star Wars 532,BH,532,Peluche
Mu침eca Barbie 533,Hasbro,533,Electr칩nico
Play-Doh Kit 534,Play-Doh,534,Veh칤culo
Lego Star Wars 535,BH,535,Veh칤culo
Lego Star Wars 536,DJI,536,Manualidad
Bicicleta Infantil 537,Play-Doh,537,Mu침eca
Drone DJI Mini 538,DJI,538,Electr칩nico
Osito de Peluche 539,Ty,539,Figura de Acci칩n
Bicicleta Infantil 540,Play-Doh,540,Veh칤culo
Hot Wheels Mustang 541,Lego,541,Construcci칩n
Bicicleta Infantil 542,Lego,542,Mu침eca
Monopoly Cl치sico 543,Ty,543,Figura de Acci칩n
Transformers Optimus Prime 544,DJI,544,Juego de Mesa
Play-Doh Kit 545,Hasbro,545,Electr칩nico
Drone DJI Mini 546,Lego,546,Peluche
Lego Star Wars 547,Mattel,547,Mu침eca
Transformers Optimus Prime 548,Play-Doh,548,Exterior
Drone DJI Mini 549,BH,549,Veh칤culo
Transformers Optimus Prime 550,Ravensburger,550,Electr칩nico
Mu침eca Barbie 551,Ty,551,Veh칤culo
Osito de Peluche 552,BH,552,Exterior
Osito de Peluche 553,Play-Doh,553,Puzzle
Mu침eca Barbie 554,Play-Doh,554,Veh칤culo
Osito de Peluche 555,Hasbro,555,Veh칤culo
Play-Doh Kit 556,Mattel,556,Puzzle
Mu침eca Barbie 557,Hasbro,557,Peluche
Lego Star Wars 558,BH,558,Manualidad
Play-Doh Kit 559,Ravensburger,559,Exterior
Puzzle 1000 Piezas 560,Ravensburger,560,Veh칤culo
Puzzle 1000 Piezas 561,DJI,561,Veh칤culo
Monopoly Cl치sico 562,Play-Doh,562,Veh칤culo
Bicicleta Infantil 563,Lego,563,Peluche
Osito de Peluche 564,Ty,564,Electr칩nico
Transformers Optimus Prime 565,DJI,565,Manualidad
Puzzle 1000 Piezas 566,BH,566,Manualidad
Play-Doh Kit 567,Lego,567,Electr칩nico
Mu침eca Barbie 568,DJI,568,Construcci칩n
Bicicleta Infantil 569,Play-Doh,569,Manualidad
Bicicleta Infantil 570,Ravensburger,570,Mu침eca
Lego Star Wars 571,Mattel,571,Veh칤culo
Lego Star Wars 572,Hasbro,572,Juego de Mesa
Lego Star Wars 573,Ty,573,Veh칤culo
Osito de Peluche 574,Hasbro,574,Figura de Acci칩n
Play-Doh Kit 575,Ty,575,Manualidad
Monopoly Cl치sico 576,Mattel,576,Exterior
Osito de Peluche 577,Mattel,577,Electr칩nico
Bicicleta Infantil 578,Ravensburger,578,Juego de Mesa
Drone DJI Mini 579,Hasbro,579,Mu침eca
Hot Wheels Mustang 580,DJI,580,Figura de Acci칩n
Bicicleta Infantil 581,Ty,581,Electr칩nico
Drone DJI Mini 582,Play-Doh,582,Construcci칩n
Osito de Peluche 583,Hasbro,583,Puzzle
Transformers Optimus Prime 584,Lego,584,Construcci칩n
Mu침eca Barbie 585,Ty,585,Juego de Mesa
Drone DJI Mini 586,Hasbro,586,Figura de Acci칩n
Bicicleta Infantil 587,BH,587,Exterior
Transformers Optimus Prime 588,Lego,588,Mu침eca
Osito de Peluche 589,BH,589,Manualidad
Bicicleta Infantil 590,Ty,590,Electr칩nico
Osito de Peluche 591,BH,591,Exterior
Play-Doh Kit 592,Lego,592,Puzzle
Mu침eca Barbie 593,Play-Doh,593,Figura de Acci칩n
Transformers Optimus Prime 594,DJI,594,Manualidad
Bicicleta Infantil 595,Lego,595,Veh칤culo
Bicicleta Infantil 596,DJI,596,Peluche
Monopoly Cl치sico 597,Ravensburger,597,Construcci칩n
Osito de Peluche 598,Play-Doh,598,Construcci칩n
Mu침eca Barbie 599,Ravensburger,599,Mu침eca
Puzzle 1000 Piezas 600,Ty,600,Exterior
Play-Doh Kit 601,Lego,601,Veh칤culo
Hot Wheels Mustang 602,BH,602,Construcci칩n
Lego Star Wars 603,Mattel,603,Juego de Mesa
Osito de Peluche 604,Hasbro,604,Puzzle
Osito de Peluche 605,Play-Doh,605,Puzzle
Transformers Optimus Prime 606,DJI,606,Manualidad
Play-Doh Kit 607,Play-Doh,607,Figura de Acci칩n
Bicicleta Infantil 608,DJI,608,Figura de Acci칩n
Mu침eca Barbie 609,DJI,609,Electr칩nico
Lego Star Wars 610,DJI,610,Electr칩nico
Monopoly Cl치sico 611,Hasbro,611,Peluche
Osito de Peluche 612,BH,612,Mu침eca
Puzzle 1000 Piezas 613,Play-Doh,613,Construcci칩n
Bicicleta Infantil 614,DJI,614,Juego de Mesa
Transformers Optimus Prime 615,Hasbro,615,Electr칩nico
Monopoly Cl치sico 616,Hasbro,616,Juego de Mesa
Bicicleta Infantil 617,BH,617,Mu침eca
Transformers Optimus Prime 618,Play-Doh,618,Manualidad
Play-Doh Kit 619,Hasbro,619,Figura de Acci칩n
Hot Wheels Mustang 620,Ravensburger,620,Veh칤culo
Puzzle 1000 Piezas 621,DJI,621,Construcci칩n
Bicicleta Infantil 622,Lego,622,Exterior
Monopoly Cl치sico 623,Ty,623,Exterior
Monopoly Cl치sico 624,Ravensburger,624,Veh칤culo
Osito de Peluche 625,DJI,625,Manualidad
Lego Star Wars 626,Ty,626,Exterior
Osito de Peluche 627,Hasbro,627,Juego de Mesa
Mu침eca Barbie 628,Play-Doh,628,Exterior
Drone DJI Mini 629,DJI,629,Juego de Mesa
Bicicleta Infantil 630,BH,630,Electr칩nico
Lego Star Wars 631,Ravensburger,631,Construcci칩n
Monopoly Cl치sico 632,Hasbro,632,Juego de Mesa
Drone DJI Mini 633,Play-Doh,633,Figura de Acci칩n
Monopoly Cl치sico 634,Lego,634,Exterior
Play-Doh Kit 635,Ty,635,Electr칩nico
Lego Star Wars 636,Mattel,636,Juego de Mesa
Osito de Peluche 637,Hasbro,637,Figura de Acci칩n
Bicicleta Infantil 638,Lego,638,Peluche
Bicicleta Infantil 639,BH,639,Mu침eca
Puzzle 1000 Piezas 640,Ty,640,Juego de Mesa
Transformers Optimus Prime 641,Hasbro,641,Veh칤culo
Monopoly Cl치sico 642,Hasbro,642,Manualidad
Play-Doh Kit 643,DJI,643,Exterior
Lego Star Wars 644,Ravensburger,644,Figura de Acci칩n
Mu침eca Barbie 645,Ty,645,Puzzle
Monopoly Cl치sico 646,BH,646,Exterior
Bicicleta Infantil 647,Hasbro,647,Puzzle
Monopoly Cl치sico 648,Play-Doh,648,Manualidad
Monopoly Cl치sico 649,Ravensburger,649,Puzzle
Drone DJI Mini 650,Ravensburger,650,Manualidad
Drone DJI Mini 651,Ravensburger,651,Exterior
Drone DJI Mini 652,Lego,652,Juego de Mesa
Lego Star Wars 653,Ty,653,Juego de Mesa
Lego Star Wars 654,Mattel,654,Puzzle
Lego Star Wars 655,Lego,655,Puzzle
Drone DJI Mini 656,Ravensburger,656,Puzzle
Osito de Peluche 657,Mattel,657,Electr칩nico
Bicicleta Infantil 658,BH,658,Manualidad
Lego Star Wars 659,Hasbro,659,Mu침eca
Play-Doh Kit 660,Mattel,660,Veh칤culo
Mu침eca Barbie 661,Hasbro,661,Construcci칩n
Hot Wheels Mustang 662,Lego,662,Construcci칩n
Drone DJI Mini 663,Play-Doh,663,Juego de Mesa
Lego Star Wars 664,Lego,664,Exterior
Play-Doh Kit 665,Ty,665,Juego de Mesa
Drone DJI Mini 666,DJI,666,Juego de Mesa
Drone DJI Mini 667,Ty,667,Mu침eca
Mu침eca Barbie 668,Mattel,668,Construcci칩n
Osito de Peluche 669,Ravensburger,669,Peluche
Drone DJI Mini 670,Play-Doh,670,Veh칤culo
Lego Star Wars 671,DJI,671,Construcci칩n
Lego Star Wars 672,Mattel,672,Exterior
Bicicleta Infantil 673,DJI,673,Mu침eca
Osito de Peluche 674,Hasbro,674,Construcci칩n
Osito de Peluche 675,DJI,675,Construcci칩n
Lego Star Wars 676,DJI,676,Construcci칩n
Hot Wheels Mustang 677,Ty,677,Figura de Acci칩n
Bicicleta Infantil 678,Ty,678,Veh칤culo
Osito de Peluche 679,Ty,679,Mu침eca
Mu침eca Barbie 680,BH,680,Exterior
Bicicleta Infantil 681,Play-Doh,681,Veh칤culo
Puzzle 1000 Piezas 682,Ravensburger,682,Puzzle
Bicicleta Infantil 683,Ravensburger,683,Puzzle
Drone DJI Mini 684,BH,684,Puzzle
Drone DJI Mini 685,Ravensburger,685,Puzzle
Osito de Peluche 686,Play-Doh,686,Peluche
Mu침eca Barbie 687,BH,687,Construcci칩n
Drone DJI Mini 688,Mattel,688,Juego de Mesa
Monopoly Cl치sico 689,Hasbro,689,Puzzle
Hot Wheels Mustang 690,Play-Doh,690,Construcci칩n
Puzzle 1000 Piezas 691,BH,691,Exterior
Play-Doh Kit 692,Hasbro,692,Puzzle
Osito de Peluche 693,Ravensburger,693,Construcci칩n
Drone DJI Mini 694,Mattel,694,Puzzle
Monopoly Cl치sico 695,Ty,695,Veh칤culo
Transformers Optimus Prime 696,DJI,696,Figura de Acci칩n
Osito de Peluche 697,Ty,697,Manualidad
Mu침eca Barbie 698,Lego,698,Veh칤culo
Transformers Optimus Prime 699,DJI,699,Peluche
Mu침eca Barbie 700,Hasbro,700,Veh칤culo
Transformers Optimus Prime 701,BH,701,Figura de Acci칩n
Play-Doh Kit 702,Hasbro,702,Juego de Mesa
Puzzle 1000 Piezas 703,Mattel,703,Puzzle
Osito de Peluche 704,BH,704,Peluche
Drone DJI Mini 705,DJI,705,Construcci칩n
Mu침eca Barbie 706,Ravensburger,706,Peluche
Puzzle 1000 Piezas 707,Hasbro,707,Construcci칩n
Puzzle 1000 Piezas 708,Lego,708,Construcci칩n
Lego Star Wars 709,DJI,709,Peluche
Lego Star Wars 710,Play-Doh,710,Construcci칩n
Lego Star Wars 711,Ty,711,Figura de Acci칩n
Transformers Optimus Prime 712,Mattel,712,Construcci칩n
Puzzle 1000 Piezas 713,Ravensburger,713,Mu침eca
Mu침eca Barbie 714,Hasbro,714,Figura de Acci칩n
Transformers Optimus Prime 715,Ravensburger,715,Electr칩nico
Hot Wheels Mustang 716,Ty,716,Exterior
Play-Doh Kit 717,Mattel,717,Juego de Mesa
Monopoly Cl치sico 718,Lego,718,Puzzle
Lego Star Wars 719,BH,719,Juego de Mesa
Mu침eca Barbie 720,Ty,720,Juego de Mesa
Puzzle 1000 Piezas 721,Ravensburger,721,Peluche
Mu침eca Barbie 722,Play-Doh,722,Puzzle
Bicicleta Infantil 723,Lego,723,Exterior
Bicicleta Infantil 724,Lego,724,Mu침eca
Drone DJI Mini 725,Ravensburger,725,Puzzle
Lego Star Wars 726,BH,726,Electr칩nico
Mu침eca Barbie 727,Lego,727,Exterior
Puzzle 1000 Piezas 728,Lego,728,Construcci칩n
Play-Doh Kit 729,Play-Doh,729,Juego de Mesa
Puzzle 1000 Piezas 730,Ty,730,Veh칤culo
Hot Wheels Mustang 731,BH,731,Puzzle
Play-Doh Kit 732,DJI,732,Construcci칩n
Puzzle 1000 Piezas 733,Mattel,733,Manualidad
Drone DJI Mini 734,Ravensburger,734,Juego de Mesa
Lego Star Wars 735,Ravensburger,735,Peluche
Hot Wheels Mustang 736,Ty,736,Mu침eca
Lego Star Wars 737,Mattel,737,Figura de Acci칩n
Play-Doh Kit 738,DJI,738,Peluche
Drone DJI Mini 739,DJI,739,Veh칤culo
Lego Star Wars 740,Ty,740,Construcci칩n
Play-Doh Kit 741,Hasbro,741,Puzzle
Lego Star Wars 742,BH,742,Veh칤culo
Mu침eca Barbie 743,Ravensburger,743,Construcci칩n
Play-Doh Kit 744,DJI,744,Construcci칩n
Osito de Peluche 745,BH,745,Puzzle
Monopoly Cl치sico 746,Ravensburger,746,Electr칩nico
Mu침eca Barbie 747,Lego,747,Exterior
Hot Wheels Mustang 748,DJI,748,Mu침eca
Drone DJI Mini 749,Play-Doh,749,Puzzle
Lego Star Wars 750,Mattel,750,Juego de Mesa
Transformers Optimus Prime 751,DJI,751,Construcci칩n
Hot Wheels Mustang 752,Ravensburger,752,Juego de Mesa
Monopoly Cl치sico 753,Hasbro,753,Juego de Mesa
Hot Wheels Mustang 754,Hasbro,754,Exterior
Lego Star Wars 755,Mattel,755,Puzzle
Monopoly Cl치sico 756,Ravensburger,756,Manualidad
Osito de Peluche 757,Play-Doh,757,Veh칤culo
Mu침eca Barbie 758,Ravensburger,758,Figura de Acci칩n
Play-Doh Kit 759,Hasbro,759,Manualidad
Osito de Peluche 760,DJI,760,Figura de Acci칩n
Puzzle 1000 Piezas 761,BH,761,Puzzle
Bicicleta Infantil 762,Hasbro,762,Mu침eca
Drone DJI Mini 763,Mattel,763,Veh칤culo
Transformers Optimus Prime 764,Hasbro,764,Manualidad
Osito de Peluche 765,DJI,765,Electr칩nico
Hot Wheels Mustang 766,Ty,766,Construcci칩n
Bicicleta Infantil 767,Ravensburger,767,Exterior
Lego Star Wars 768,Hasbro,768,Exterior
Bicicleta Infantil 769,Ravensburger,769,Figura de Acci칩n
Drone DJI Mini 770,Ty,770,Veh칤culo
Osito de Peluche 771,Ty,771,Veh칤culo
Bicicleta Infantil 772,Hasbro,772,Juego de Mesa
Monopoly Cl치sico 773,Mattel,773,Puzzle
Mu침eca Barbie 774,Mattel,774,Manualidad
Bicicleta Infantil 775,Mattel,775,Mu침eca
Osito de Peluche 776,Play-Doh,776,Peluche
Mu침eca Barbie 777,Hasbro,777,Peluche
Hot Wheels Mustang 778,Mattel,778,Juego de Mesa
Drone DJI Mini 779,Play-Doh,779,Exterior
Monopoly Cl치sico 780,Lego,780,Mu침eca
Lego Star Wars 781,Ravensburger,781,Figura de Acci칩n
Play-Doh Kit 782,BH,782,Juego de Mesa
Drone DJI Mini 783,DJI,783,Manualidad
Mu침eca Barbie 784,Play-Doh,784,Peluche
Monopoly Cl치sico 785,Ravensburger,785,Veh칤culo
Osito de Peluche 786,BH,786,Construcci칩n
Puzzle 1000 Piezas 787,Mattel,787,Veh칤culo
Bicicleta Infantil 788,Lego,788,Veh칤culo
Drone DJI Mini 789,Ty,789,Exterior
Transformers Optimus Prime 790,Mattel,790,Figura de Acci칩n
Lego Star Wars 791,Hasbro,791,Figura de Acci칩n
Hot Wheels Mustang 792,Ravensburger,792,Construcci칩n
Hot Wheels Mustang 793,BH,793,Figura de Acci칩n
Transformers Optimus Prime 794,Lego,794,Manualidad
Lego Star Wars 795,BH,795,Veh칤culo
Puzzle 1000 Piezas 796,Hasbro,796,Veh칤culo
Osito de Peluche 797,BH,797,Construcci칩n
Lego Star Wars 798,Hasbro,798,Figura de Acci칩n
Mu침eca Barbie 799,DJI,799,Manualidad
Bicicleta Infantil 800,BH,800,Exterior
Hot Wheels Mustang 801,Ty,801,Mu침eca
Transformers Optimus Prime 802,DJI,802,Puzzle
Mu침eca Barbie 803,Mattel,803,Figura de Acci칩n
Drone DJI Mini 804,Ravensburger,804,Veh칤culo
Puzzle 1000 Piezas 805,DJI,805,Veh칤culo
Lego Star Wars 806,Mattel,806,Mu침eca
Lego Star Wars 807,Play-Doh,807,Figura de Acci칩n
Play-Doh Kit 808,Hasbro,808,Electr칩nico
Play-Doh Kit 809,Ty,809,Electr칩nico
Bicicleta Infantil 810,Ty,810,Manualidad
Lego Star Wars 811,Mattel,811,Electr칩nico
Hot Wheels Mustang 812,Play-Doh,812,Veh칤culo
Lego Star Wars 813,Ty,813,Construcci칩n
Play-Doh Kit 814,Ty,814,Juego de Mesa
Puzzle 1000 Piezas 815,Ravensburger,815,Juego de Mesa
Drone DJI Mini 816,Ty,816,Exterior
Lego Star Wars 817,DJI,817,Puzzle
Bicicleta Infantil 818,Ravensburger,818,Exterior
Bicicleta Infantil 819,Ravensburger,819,Exterior
Transformers Optimus Prime 820,Lego,820,Mu침eca
Osito de Peluche 821,BH,821,Puzzle
Hot Wheels Mustang 822,Ty,822,Mu침eca
Transformers Optimus Prime 823,Lego,823,Puzzle
Mu침eca Barbie 824,Ravensburger,824,Electr칩nico
Monopoly Cl치sico 825,Mattel,825,Electr칩nico
Mu침eca Barbie 826,Play-Doh,826,Construcci칩n
Mu침eca Barbie 827,Ravensburger,827,Mu침eca
Puzzle 1000 Piezas 828,Mattel,828,Exterior
Mu침eca Barbie 829,Play-Doh,829,Veh칤culo
Mu침eca Barbie 830,Ty,830,Figura de Acci칩n
Mu침eca Barbie 831,Play-Doh,831,Juego de Mesa
Lego Star Wars 832,DJI,832,Manualidad
Lego Star Wars 833,Ty,833,Veh칤culo
Puzzle 1000 Piezas 834,Lego,834,Electr칩nico
Puzzle 1000 Piezas 835,BH,835,Puzzle
Drone DJI Mini 836,Hasbro,836,Electr칩nico
Bicicleta Infantil 837,Lego,837,Juego de Mesa
Bicicleta Infantil 838,Lego,838,Juego de Mesa
Osito de Peluche 839,Mattel,839,Juego de Mesa
Drone DJI Mini 840,Mattel,840,Exterior
Drone DJI Mini 841,DJI,841,Manualidad
Transformers Optimus Prime 842,Mattel,842,Juego de Mesa
Mu침eca Barbie 843,Ty,843,Exterior
Lego Star Wars 844,Mattel,844,Peluche
Play-Doh Kit 845,BH,845,Figura de Acci칩n
Monopoly Cl치sico 846,Hasbro,846,Mu침eca
Hot Wheels Mustang 847,Hasbro,847,Manualidad
Play-Doh Kit 848,Play-Doh,848,Manualidad
Puzzle 1000 Piezas 849,Lego,849,Exterior
Mu침eca Barbie 850,Play-Doh,850,Peluche
Monopoly Cl치sico 851,Lego,851,Puzzle
Mu침eca Barbie 852,Play-Doh,852,Puzzle
Transformers Optimus Prime 853,Mattel,853,Peluche
Transformers Optimus Prime 854,Ty,854,Exterior
Drone DJI Mini 855,DJI,855,Juego de Mesa
Transformers Optimus Prime 856,Play-Doh,856,Juego de Mesa
Monopoly Cl치sico 857,BH,857,Puzzle
Transformers Optimus Prime 858,Lego,858,Electr칩nico
Transformers Optimus Prime 859,Hasbro,859,Figura de Acci칩n
Play-Doh Kit 860,DJI,860,Electr칩nico
Hot Wheels Mustang 861,Ty,861,Veh칤culo
Play-Doh Kit 862,Ravensburger,862,Mu침eca
Puzzle 1000 Piezas 863,DJI,863,Electr칩nico
Hot Wheels Mustang 864,BH,864,Figura de Acci칩n
Osito de Peluche 865,DJI,865,Mu침eca
Mu침eca Barbie 866,Play-Doh,866,Veh칤culo
Play-Doh Kit 867,DJI,867,Figura de Acci칩n
Play-Doh Kit 868,Mattel,868,Exterior
Lego Star Wars 869,Play-Doh,869,Mu침eca
Puzzle 1000 Piezas 870,Lego,870,Exterior
Monopoly Cl치sico 871,Play-Doh,871,Figura de Acci칩n
Mu침eca Barbie 872,Mattel,872,Juego de Mesa
Monopoly Cl치sico 873,Ty,873,Puzzle
Hot Wheels Mustang 874,Lego,874,Electr칩nico
Drone DJI Mini 875,Hasbro,875,Mu침eca
Lego Star Wars 876,BH,876,Mu침eca
Monopoly Cl치sico 877,BH,877,Puzzle
Bicicleta Infantil 878,DJI,878,Peluche
Transformers Optimus Prime 879,Ravensburger,879,Peluche
Play-Doh Kit 880,Play-Doh,880,Construcci칩n
Osito de Peluche 881,Play-Doh,881,Figura de Acci칩n
Transformers Optimus Prime 882,Lego,882,Figura de Acci칩n
Bicicleta Infantil 883,DJI,883,Figura de Acci칩n
Bicicleta Infantil 884,Mattel,884,Peluche
Play-Doh Kit 885,DJI,885,Exterior
Lego Star Wars 886,DJI,886,Peluche
Osito de Peluche 887,Mattel,887,Exterior
Bicicleta Infantil 888,Play-Doh,888,Figura de Acci칩n
Bicicleta Infantil 889,DJI,889,Puzzle
Mu침eca Barbie 890,Lego,890,Exterior
Drone DJI Mini 891,DJI,891,Juego de Mesa
Puzzle 1000 Piezas 892,DJI,892,Construcci칩n
Transformers Optimus Prime 893,Ravensburger,893,Puzzle
Drone DJI Mini 894,Ravensburger,894,Veh칤culo
Monopoly Cl치sico 895,Mattel,895,Mu침eca
Hot Wheels Mustang 896,Hasbro,896,Peluche
Puzzle 1000 Piezas 897,BH,897,Electr칩nico
Mu침eca Barbie 898,Play-Doh,898,Mu침eca
Play-Doh Kit 899,Ravensburger,899,Manualidad
Puzzle 1000 Piezas 900,Ty,900,Veh칤culo
Drone DJI Mini 901,Ravensburger,901,Veh칤culo
Bicicleta Infantil 902,Play-Doh,902,Manualidad
Hot Wheels Mustang 903,Ty,903,Peluche
Play-Doh Kit 904,Mattel,904,Electr칩nico
Mu침eca Barbie 905,Play-Doh,905,Puzzle
Bicicleta Infantil 906,BH,906,Figura de Acci칩n
Lego Star Wars 907,Ty,907,Veh칤culo
Drone DJI Mini 908,Hasbro,908,Electr칩nico
Bicicleta Infantil 909,Ty,909,Exterior
Puzzle 1000 Piezas 910,DJI,910,Figura de Acci칩n
Bicicleta Infantil 911,DJI,911,Puzzle
Hot Wheels Mustang 912,BH,912,Puzzle
Monopoly Cl치sico 913,BH,913,Peluche
Hot Wheels Mustang 914,Play-Doh,914,Exterior
Play-Doh Kit 915,BH,915,Mu침eca
Monopoly Cl치sico 916,Lego,916,Manualidad
Osito de Peluche 917,Hasbro,917,Figura de Acci칩n
Hot Wheels Mustang 918,DJI,918,Exterior
Mu침eca Barbie 919,Play-Doh,919,Figura de Acci칩n
Osito de Peluche 920,Ravensburger,920,Construcci칩n
Bicicleta Infantil 921,Play-Doh,921,Electr칩nico
Drone DJI Mini 922,Lego,922,Manualidad
Mu침eca Barbie 923,Hasbro,923,Peluche
Puzzle 1000 Piezas 924,DJI,924,Figura de Acci칩n
Osito de Peluche 925,Play-Doh,925,Juego de Mesa
Monopoly Cl치sico 926,Ravensburger,926,Mu침eca
Monopoly Cl치sico 927,Ty,927,Puzzle
Monopoly Cl치sico 928,Ty,928,Mu침eca
Bicicleta Infantil 929,Ty,929,Figura de Acci칩n
Mu침eca Barbie 930,Ravensburger,930,Mu침eca
Osito de Peluche 931,Ty,931,Juego de Mesa
Mu침eca Barbie 932,Lego,932,Mu침eca
Transformers Optimus Prime 933,DJI,933,Exterior
Mu침eca Barbie 934,Ty,934,Manualidad
Play-Doh Kit 935,Lego,935,Veh칤culo
Monopoly Cl치sico 936,DJI,936,Puzzle
Osito de Peluche 937,Mattel,937,Electr칩nico
Monopoly Cl치sico 938,Play-Doh,938,Mu침eca
Transformers Optimus Prime 939,Hasbro,939,Puzzle
Drone DJI Mini 940,Ravensburger,940,Exterior
Bicicleta Infantil 941,Play-Doh,941,Manualidad
Drone DJI Mini 942,Play-Doh,942,Mu침eca
Transformers Optimus Prime 943,Hasbro,943,Construcci칩n
Bicicleta Infantil 944,Ty,944,Puzzle
Drone DJI Mini 945,BH,945,Puzzle
Monopoly Cl치sico 946,DJI,946,Construcci칩n
Monopoly Cl치sico 947,Play-Doh,947,Peluche
Bicicleta Infantil 948,BH,948,Manualidad
Bicicleta Infantil 949,Ravensburger,949,Construcci칩n
Puzzle 1000 Piezas 950,BH,950,Exterior
Bicicleta Infantil 951,Play-Doh,951,Puzzle
Transformers Optimus Prime 952,Ravensburger,952,Veh칤culo
Bicicleta Infantil 953,Play-Doh,953,Veh칤culo
Puzzle 1000 Piezas 954,Play-Doh,954,Electr칩nico
Drone DJI Mini 955,Play-Doh,955,Mu침eca
Bicicleta Infantil 956,DJI,956,Peluche
Osito de Peluche 957,DJI,957,Manualidad
Mu침eca Barbie 958,Ravensburger,958,Electr칩nico
Drone DJI Mini 959,Play-Doh,959,Puzzle
Monopoly Cl치sico 960,Lego,960,Peluche
Mu침eca Barbie 961,Ty,961,Peluche
Lego Star Wars 962,BH,962,Construcci칩n
Puzzle 1000 Piezas 963,Ty,963,Puzzle
Mu침eca Barbie 964,DJI,964,Puzzle
Bicicleta Infantil 965,DJI,965,Puzzle
Lego Star Wars 966,BH,966,Peluche
Puzzle 1000 Piezas 967,Mattel,967,Construcci칩n
Bicicleta Infantil 968,Hasbro,968,Juego de Mesa
Hot Wheels Mustang 969,Hasbro,969,Peluche
Mu침eca Barbie 970,Ravensburger,970,Construcci칩n
Bicicleta Infantil 971,Play-Doh,971,Figura de Acci칩n
Play-Doh Kit 972,Lego,972,Manualidad
Puzzle 1000 Piezas 973,Hasbro,973,Electr칩nico
Monopoly Cl치sico 974,Mattel,974,Veh칤culo
Mu침eca Barbie 975,Ty,975,Mu침eca
Mu침eca Barbie 976,Ravensburger,976,Puzzle
Bicicleta Infantil 977,Ravensburger,977,Peluche
Play-Doh Kit 978,Lego,978,Construcci칩n
Hot Wheels Mustang 979,BH,979,Veh칤culo
Bicicleta Infantil 980,Lego,980,Manualidad
Drone DJI Mini 981,DJI,981,Electr칩nico
Drone DJI Mini 982,Ravensburger,982,Electr칩nico
Lego Star Wars 983,Ty,983,Electr칩nico
Transformers Optimus Prime 984,Ravensburger,984,Puzzle
Mu침eca Barbie 985,Ravensburger,985,Manualidad
Monopoly Cl치sico 986,Ravensburger,986,Juego de Mesa
Monopoly Cl치sico 987,Ty,987,Figura de Acci칩n
Puzzle 1000 Piezas 988,Ravensburger,988,Figura de Acci칩n
Monopoly Cl치sico 989,Mattel,989,Figura de Acci칩n
Transformers Optimus Prime 990,Play-Doh,990,Manualidad
Puzzle 1000 Piezas 991,Mattel,991,Exterior
Puzzle 1000 Piezas 992,Play-Doh,992,Juego de Mesa
Lego Star Wars 993,Ravensburger,993,Exterior
Monopoly Cl치sico 994,BH,994,Juego de Mesa
Monopoly Cl치sico 995,Hasbro,995,Puzzle
Bicicleta Infantil 996,Ravensburger,996,Peluche
Bicicleta Infantil 997,Play-Doh,997,Electr칩nico
Monopoly Cl치sico 998,Ty,998,Veh칤culo
Puzzle 1000 Piezas 999,Lego,999,Peluche
Hot Wheels Mustang 1000,DJI,1000,Construcci칩n
Lego Star Wars 1001,Hasbro,1001,Juego de Mesa
Monopoly Cl치sico 1002,Lego,1002,Peluche
Play-Doh Kit 1003,Lego,1003,Manualidad
Lego Star Wars 1004,Ty,1004,Peluche
Hot Wheels Mustang 1005,Lego,1005,Peluche
Bicicleta Infantil 1006,Ravensburger,1006,Puzzle
Play-Doh Kit 1007,DJI,1007,Figura de Acci칩n
Puzzle 1000 Piezas 1008,Ravensburger,1008,Veh칤culo
Hot Wheels Mustang 1009,Ravensburger,1009,Figura de Acci칩n
Hot Wheels Mustang 1010,Ty,1010,Puzzle
Lego Star Wars 1011,Lego,1011,Construcci칩n
Hot Wheels Mustang 1012,Play-Doh,1012,Peluche
Bicicleta Infantil 1013,Lego,1013,Exterior
Puzzle 1000 Piezas 1014,DJI,1014,Puzzle
Drone DJI Mini 1015,Play-Doh,1015,Exterior
Transformers Optimus Prime 1016,BH,1016,Juego de Mesa
Hot Wheels Mustang 1017,DJI,1017,Manualidad
Mu침eca Barbie 1018,Play-Doh,1018,Manualidad
Mu침eca Barbie 1019,BH,1019,Manualidad
Monopoly Cl치sico 1020,Mattel,1020,Juego de Mesa
Monopoly Cl치sico 1021,BH,1021,Construcci칩n
Monopoly Cl치sico 1022,Lego,1022,Mu침eca
Play-Doh Kit 1023,Mattel,1023,Juego de Mesa
Osito de Peluche 1024,Mattel,1024,Juego de Mesa
Monopoly Cl치sico 1025,BH,1025,Mu침eca
Bicicleta Infantil 1026,Ty,1026,Juego de Mesa
Bicicleta Infantil 1027,Hasbro,1027,Mu침eca
Transformers Optimus Prime 1028,Play-Doh,1028,Juego de Mesa
Puzzle 1000 Piezas 1029,Ravensburger,1029,Exterior
Hot Wheels Mustang 1030,Mattel,1030,Peluche
Mu침eca Barbie 1031,Play-Doh,1031,Veh칤culo
Osito de Peluche 1032,Hasbro,1032,Figura de Acci칩n
Play-Doh Kit 1033,Play-Doh,1033,Juego de Mesa
Monopoly Cl치sico 1034,Hasbro,1034,Veh칤culo
Bicicleta Infantil 1035,Mattel,1035,Puzzle
Play-Doh Kit 1036,Hasbro,1036,Veh칤culo
Drone DJI Mini 1037,Ravensburger,1037,Veh칤culo
Mu침eca Barbie 1038,Lego,1038,Peluche
Mu침eca Barbie 1039,Ty,1039,Puzzle
Osito de Peluche 1040,Hasbro,1040,Manualidad
Drone DJI Mini 1041,Mattel,1041,Veh칤culo
Osito de Peluche 1042,Play-Doh,1042,Manualidad
Lego Star Wars 1043,Ravensburger,1043,Puzzle
Lego Star Wars 1044,Lego,1044,Electr칩nico
Bicicleta Infantil 1045,Ty,1045,Construcci칩n
Hot Wheels Mustang 1046,Ravensburger,1046,Figura de Acci칩n
Lego Star Wars 1047,Hasbro,1047,Figura de Acci칩n
Osito de Peluche 1048,BH,1048,Construcci칩n
Monopoly Cl치sico 1049,Play-Doh,1049,Puzzle
Drone DJI Mini 1050,BH,1050,Electr칩nico
Drone DJI Mini 1051,Lego,1051,Exterior
Bicicleta Infantil 1052,Mattel,1052,Manualidad
Puzzle 1000 Piezas 1053,Ty,1053,Manualidad
Play-Doh Kit 1054,Hasbro,1054,Manualidad
Monopoly Cl치sico 1055,Ravensburger,1055,Peluche
Transformers Optimus Prime 1056,Hasbro,1056,Veh칤culo
Drone DJI Mini 1057,Hasbro,1057,Juego de Mesa
Monopoly Cl치sico 1058,Ty,1058,Veh칤culo
Monopoly Cl치sico 1059,Hasbro,1059,Puzzle
Lego Star Wars 1060,Hasbro,1060,Juego de Mesa
Bicicleta Infantil 1061,Play-Doh,1061,Puzzle
Transformers Optimus Prime 1062,Ty,1062,Juego de Mesa
Hot Wheels Mustang 1063,BH,1063,Electr칩nico
Monopoly Cl치sico 1064,Lego,1064,Peluche
Hot Wheels Mustang 1065,Mattel,1065,Peluche
Lego Star Wars 1066,Play-Doh,1066,Manualidad
Mu침eca Barbie 1067,Lego,1067,Figura de Acci칩n
Hot Wheels Mustang 1068,Mattel,1068,Electr칩nico
Monopoly Cl치sico 1069,Ravensburger,1069,Figura de Acci칩n
Play-Doh Kit 1070,Ravensburger,1070,Mu침eca
Play-Doh Kit 1071,Lego,1071,Veh칤culo
Lego Star Wars 1072,Ravensburger,1072,Mu침eca
Osito de Peluche 1073,Ravensburger,1073,Exterior
Mu침eca Barbie 1074,DJI,1074,Puzzle
Transformers Optimus Prime 1075,Mattel,1075,Electr칩nico
Transformers Optimus Prime 1076,Mattel,1076,Manualidad
Osito de Peluche 1077,Mattel,1077,Construcci칩n
Bicicleta Infantil 1078,Mattel,1078,Veh칤culo
Transformers Optimus Prime 1079,DJI,1079,Juego de Mesa
Mu침eca Barbie 1080,Ty,1080,Mu침eca
Monopoly Cl치sico 1081,Mattel,1081,Juego de Mesa
Osito de Peluche 1082,BH,1082,Exterior
Monopoly Cl치sico 1083,Ravensburger,1083,Exterior
Hot Wheels Mustang 1084,Ravensburger,1084,Construcci칩n
Puzzle 1000 Piezas 1085,DJI,1085,Puzzle
Play-Doh Kit 1086,Hasbro,1086,Peluche
Puzzle 1000 Piezas 1087,Lego,1087,Peluche
Mu침eca Barbie 1088,Hasbro,1088,Peluche
Puzzle 1000 Piezas 1089,BH,1089,Construcci칩n
Play-Doh Kit 1090,DJI,1090,Puzzle
Lego Star Wars 1091,Hasbro,1091,Electr칩nico
Drone DJI Mini 1092,Lego,1092,Manualidad
Osito de Peluche 1093,BH,1093,Manualidad
Monopoly Cl치sico 1094,BH,1094,Juego de Mesa
Monopoly Cl치sico 1095,Hasbro,1095,Electr칩nico
Transformers Optimus Prime 1096,Ravensburger,1096,Peluche
Puzzle 1000 Piezas 1097,Ty,1097,Puzzle
Monopoly Cl치sico 1098,Lego,1098,Veh칤culo
Mu침eca Barbie 1099,BH,1099,Peluche
Drone DJI Mini 1100,Hasbro,1100,Figura de Acci칩n
Mu침eca Barbie 1101,DJI,1101,Manualidad
Osito de Peluche 1102,Lego,1102,Mu침eca
Osito de Peluche 1103,Hasbro,1103,Figura de Acci칩n
Monopoly Cl치sico 1104,Lego,1104,Juego de Mesa
Drone DJI Mini 1105,DJI,1105,Manualidad
Osito de Peluche 1106,DJI,1106,Puzzle
Bicicleta Infantil 1107,Play-Doh,1107,Juego de Mesa
Puzzle 1000 Piezas 1108,Play-Doh,1108,Peluche
Mu침eca Barbie 1109,DJI,1109,Manualidad
Osito de Peluche 1110,BH,1110,Manualidad
Puzzle 1000 Piezas 1111,BH,1111,Exterior
Drone DJI Mini 1112,DJI,1112,Mu침eca
Monopoly Cl치sico 1113,Play-Doh,1113,Puzzle
Osito de Peluche 1114,BH,1114,Veh칤culo
Hot Wheels Mustang 1115,Hasbro,1115,Peluche
Osito de Peluche 1116,DJI,1116,Construcci칩n
Lego Star Wars 1117,BH,1117,Construcci칩n
Bicicleta Infantil 1118,Ty,1118,Electr칩nico
Transformers Optimus Prime 1119,Mattel,1119,Puzzle
Hot Wheels Mustang 1120,DJI,1120,Electr칩nico
Hot Wheels Mustang 1121,BH,1121,Veh칤culo
Hot Wheels Mustang 1122,BH,1122,Veh칤culo
Hot Wheels Mustang 1123,Play-Doh,1123,Mu침eca
Transformers Optimus Prime 1124,Hasbro,1124,Electr칩nico
Mu침eca Barbie 1125,DJI,1125,Manualidad
Transformers Optimus Prime 1126,Hasbro,1126,Peluche
Transformers Optimus Prime 1127,Mattel,1127,Manualidad
Monopoly Cl치sico 1128,Ty,1128,Puzzle
Osito de Peluche 1129,Ty,1129,Juego de Mesa
Osito de Peluche 1130,Mattel,1130,Exterior
Monopoly Cl치sico 1131,Ravensburger,1131,Exterior
Monopoly Cl치sico 1132,Lego,1132,Construcci칩n
Puzzle 1000 Piezas 1133,Lego,1133,Electr칩nico
Play-Doh Kit 1134,Lego,1134,Puzzle
Osito de Peluche 1135,Mattel,1135,Electr칩nico
Play-Doh Kit 1136,Hasbro,1136,Electr칩nico
Mu침eca Barbie 1137,Play-Doh,1137,Puzzle
Monopoly Cl치sico 1138,DJI,1138,Mu침eca
Bicicleta Infantil 1139,BH,1139,Manualidad
Hot Wheels Mustang 1140,Play-Doh,1140,Manualidad
Puzzle 1000 Piezas 1141,Ravensburger,1141,Exterior
Osito de Peluche 1142,BH,1142,Electr칩nico
Transformers Optimus Prime 1143,Hasbro,1143,Manualidad
Monopoly Cl치sico 1144,Play-Doh,1144,Puzzle
Osito de Peluche 1145,Hasbro,1145,Manualidad
Osito de Peluche 1146,Lego,1146,Electr칩nico
Monopoly Cl치sico 1147,Lego,1147,Manualidad
Bicicleta Infantil 1148,Ty,1148,Construcci칩n
Lego Star Wars 1149,Hasbro,1149,Veh칤culo
Play-Doh Kit 1150,Lego,1150,Construcci칩n
Osito de Peluche 1151,Play-Doh,1151,Figura de Acci칩n
Transformers Optimus Prime 1152,Mattel,1152,Peluche
Play-Doh Kit 1153,Mattel,1153,Mu침eca
Transformers Optimus Prime 1154,Ravensburger,1154,Construcci칩n
Lego Star Wars 1155,BH,1155,Construcci칩n
Transformers Optimus Prime 1156,Ty,1156,Electr칩nico
Bicicleta Infantil 1157,Lego,1157,Electr칩nico
Play-Doh Kit 1158,Ty,1158,Figura de Acci칩n
Osito de Peluche 1159,Ravensburger,1159,Mu침eca
Lego Star Wars 1160,Ty,1160,Mu침eca
Hot Wheels Mustang 1161,Mattel,1161,Puzzle
Drone DJI Mini 1162,Play-Doh,1162,Electr칩nico
Osito de Peluche 1163,Hasbro,1163,Veh칤culo
Hot Wheels Mustang 1164,Lego,1164,Peluche
Bicicleta Infantil 1165,Lego,1165,Construcci칩n
Drone DJI Mini 1166,Play-Doh,1166,Mu침eca
Bicicleta Infantil 1167,BH,1167,Figura de Acci칩n
Drone DJI Mini 1168,Ravensburger,1168,Exterior
Mu침eca Barbie 1169,Hasbro,1169,Construcci칩n
Hot Wheels Mustang 1170,BH,1170,Figura de Acci칩n
Bicicleta Infantil 1171,DJI,1171,Juego de Mesa
Bicicleta Infantil 1172,Hasbro,1172,Juego de Mesa
Mu침eca Barbie 1173,Play-Doh,1173,Peluche
Play-Doh Kit 1174,DJI,1174,Veh칤culo
Puzzle 1000 Piezas 1175,Lego,1175,Peluche
Osito de Peluche 1176,Ty,1176,Construcci칩n
Play-Doh Kit 1177,Play-Doh,1177,Exterior
Monopoly Cl치sico 1178,Play-Doh,1178,Veh칤culo
Puzzle 1000 Piezas 1179,Play-Doh,1179,Veh칤culo
Mu침eca Barbie 1180,Ravensburger,1180,Veh칤culo
Transformers Optimus Prime 1181,Ravensburger,1181,Manualidad
Mu침eca Barbie 1182,DJI,1182,Manualidad
Bicicleta Infantil 1183,Ravensburger,1183,Puzzle
Lego Star Wars 1184,Play-Doh,1184,Construcci칩n
Hot Wheels Mustang 1185,Ravensburger,1185,Veh칤culo
Transformers Optimus Prime 1186,BH,1186,Mu침eca
Drone DJI Mini 1187,Ty,1187,Exterior
Puzzle 1000 Piezas 1188,Hasbro,1188,Manualidad
Transformers Optimus Prime 1189,Ty,1189,Construcci칩n
Bicicleta Infantil 1190,Ty,1190,Construcci칩n
Puzzle 1000 Piezas 1191,Lego,1191,Veh칤culo
Mu침eca Barbie 1192,BH,1192,Puzzle
Osito de Peluche 1193,BH,1193,Juego de Mesa
Puzzle 1000 Piezas 1194,DJI,1194,Figura de Acci칩n
Mu침eca Barbie 1195,Hasbro,1195,Puzzle
Play-Doh Kit 1196,Ravensburger,1196,Construcci칩n
Transformers Optimus Prime 1197,Mattel,1197,Figura de Acci칩n
Osito de Peluche 1198,Hasbro,1198,Puzzle
Bicicleta Infantil 1199,Mattel,1199,Peluche
Monopoly Cl치sico 1200,Mattel,1200,Electr칩nico
Hot Wheels Mustang 1201,Ravensburger,1201,Veh칤culo
Mu침eca Barbie 1202,DJI,1202,Manualidad
Monopoly Cl치sico 1203,DJI,1203,Mu침eca
Osito de Peluche 1204,DJI,1204,Manualidad
Lego Star Wars 1205,DJI,1205,Puzzle
Mu침eca Barbie 1206,Hasbro,1206,Electr칩nico
Puzzle 1000 Piezas 1207,DJI,1207,Exterior
Play-Doh Kit 1208,Ravensburger,1208,Electr칩nico
Hot Wheels Mustang 1209,Hasbro,1209,Mu침eca
Osito de Peluche 1210,Lego,1210,Figura de Acci칩n
Osito de Peluche 1211,Lego,1211,Puzzle
Hot Wheels Mustang 1212,Mattel,1212,Manualidad
Osito de Peluche 1213,Play-Doh,1213,Electr칩nico
Osito de Peluche 1214,DJI,1214,Exterior
Puzzle 1000 Piezas 1215,Hasbro,1215,Exterior
Play-Doh Kit 1216,Ravensburger,1216,Mu침eca
Mu침eca Barbie 1217,BH,1217,Peluche
Play-Doh Kit 1218,Hasbro,1218,Manualidad
Monopoly Cl치sico 1219,Hasbro,1219,Mu침eca
Bicicleta Infantil 1220,Mattel,1220,Exterior
Hot Wheels Mustang 1221,Ravensburger,1221,Electr칩nico
Lego Star Wars 1222,Mattel,1222,Figura de Acci칩n
Puzzle 1000 Piezas 1223,DJI,1223,Construcci칩n
Transformers Optimus Prime 1224,BH,1224,Exterior
Bicicleta Infantil 1225,BH,1225,Juego de Mesa
Mu침eca Barbie 1226,Hasbro,1226,Electr칩nico
Play-Doh Kit 1227,Ty,1227,Peluche
Osito de Peluche 1228,Play-Doh,1228,Mu침eca
Osito de Peluche 1229,BH,1229,Peluche
Osito de Peluche 1230,Hasbro,1230,Puzzle
Puzzle 1000 Piezas 1231,Ravensburger,1231,Construcci칩n
Hot Wheels Mustang 1232,Mattel,1232,Electr칩nico
Bicicleta Infantil 1233,DJI,1233,Electr칩nico
Play-Doh Kit 1234,Hasbro,1234,Peluche
Osito de Peluche 1235,BH,1235,Mu침eca
Drone DJI Mini 1236,Play-Doh,1236,Juego de Mesa
Osito de Peluche 1237,Ravensburger,1237,Veh칤culo
Monopoly Cl치sico 1238,Mattel,1238,Exterior
Puzzle 1000 Piezas 1239,BH,1239,Manualidad
Drone DJI Mini 1240,Mattel,1240,Mu침eca
Bicicleta Infantil 1241,Play-Doh,1241,Puzzle
Play-Doh Kit 1242,Lego,1242,Figura de Acci칩n
Puzzle 1000 Piezas 1243,Hasbro,1243,Electr칩nico
Lego Star Wars 1244,Ty,1244,Electr칩nico
Hot Wheels Mustang 1245,Mattel,1245,Peluche
Play-Doh Kit 1246,BH,1246,Mu침eca
Play-Doh Kit 1247,Lego,1247,Mu침eca
Mu침eca Barbie 1248,BH,1248,Peluche
Bicicleta Infantil 1249,Lego,1249,Figura de Acci칩n
Play-Doh Kit 1250,DJI,1250,Manualidad
Transformers Optimus Prime 1251,DJI,1251,Manualidad
Monopoly Cl치sico 1252,Hasbro,1252,Construcci칩n
Mu침eca Barbie 1253,Play-Doh,1253,Veh칤culo
Transformers Optimus Prime 1254,BH,1254,Manualidad
Mu침eca Barbie 1255,Lego,1255,Electr칩nico
Osito de Peluche 1256,Ravensburger,1256,Manualidad
Monopoly Cl치sico 1257,DJI,1257,Puzzle
Bicicleta Infantil 1258,BH,1258,Puzzle
Drone DJI Mini 1259,Hasbro,1259,Puzzle
Lego Star Wars 1260,Lego,1260,Electr칩nico
Osito de Peluche 1261,Ravensburger,1261,Veh칤culo
Puzzle 1000 Piezas 1262,Ravensburger,1262,Manualidad
Drone DJI Mini 1263,Hasbro,1263,Mu침eca
Hot Wheels Mustang 1264,Hasbro,1264,Veh칤culo
Play-Doh Kit 1265,Ty,1265,Exterior
Drone DJI Mini 1266,Lego,1266,Puzzle
Hot Wheels Mustang 1267,DJI,1267,Construcci칩n
Drone DJI Mini 1268,DJI,1268,Mu침eca
Hot Wheels Mustang 1269,Ty,1269,Figura de Acci칩n
Mu침eca Barbie 1270,Hasbro,1270,Puzzle
Hot Wheels Mustang 1271,Mattel,1271,Construcci칩n
Lego Star Wars 1272,Mattel,1272,Manualidad
Osito de Peluche 1273,Mattel,1273,Figura de Acci칩n
Play-Doh Kit 1274,BH,1274,Manualidad
Hot Wheels Mustang 1275,Play-Doh,1275,Manualidad
Hot Wheels Mustang 1276,BH,1276,Electr칩nico
Lego Star Wars 1277,Ty,1277,Juego de Mesa
Puzzle 1000 Piezas 1278,BH,1278,Exterior
Transformers Optimus Prime 1279,Ty,1279,Figura de Acci칩n
Mu침eca Barbie 1280,Mattel,1280,Peluche
Hot Wheels Mustang 1281,DJI,1281,Mu침eca
Mu침eca Barbie 1282,Ravensburger,1282,Manualidad
Drone DJI Mini 1283,Mattel,1283,Peluche
Monopoly Cl치sico 1284,Hasbro,1284,Exterior
Play-Doh Kit 1285,Play-Doh,1285,Peluche
Lego Star Wars 1286,Play-Doh,1286,Veh칤culo
Osito de Peluche 1287,Lego,1287,Manualidad
Drone DJI Mini 1288,Mattel,1288,Exterior
Monopoly Cl치sico 1289,Play-Doh,1289,Veh칤culo
Hot Wheels Mustang 1290,Play-Doh,1290,Veh칤culo
Play-Doh Kit 1291,Ty,1291,Figura de Acci칩n
Puzzle 1000 Piezas 1292,Ty,1292,Electr칩nico
Osito de Peluche 1293,Ravensburger,1293,Mu침eca
Monopoly Cl치sico 1294,DJI,1294,Veh칤culo
Transformers Optimus Prime 1295,Mattel,1295,Juego de Mesa
Mu침eca Barbie 1296,Ravensburger,1296,Mu침eca
Drone DJI Mini 1297,Play-Doh,1297,Manualidad
Mu침eca Barbie 1298,Ravensburger,1298,Peluche
Play-Doh Kit 1299,Ravensburger,1299,Construcci칩n
Osito de Peluche 1300,Mattel,1300,Juego de Mesa
Drone DJI Mini 1301,BH,1301,Manualidad
Drone DJI Mini 1302,DJI,1302,Manualidad
Lego Star Wars 1303,Hasbro,1303,Peluche
Play-Doh Kit 1304,Ravensburger,1304,Figura de Acci칩n
Mu침eca Barbie 1305,DJI,1305,Figura de Acci칩n
Lego Star Wars 1306,DJI,1306,Juego de Mesa
Osito de Peluche 1307,Mattel,1307,Exterior
Play-Doh Kit 1308,Hasbro,1308,Exterior
Drone DJI Mini 1309,Hasbro,1309,Veh칤culo
Mu침eca Barbie 1310,Lego,1310,Exterior
Play-Doh Kit 1311,BH,1311,Juego de Mesa
Hot Wheels Mustang 1312,Mattel,1312,Exterior
Transformers Optimus Prime 1313,Lego,1313,Veh칤culo
Osito de Peluche 1314,Ty,1314,Construcci칩n
Play-Doh Kit 1315,Hasbro,1315,Exterior
Transformers Optimus Prime 1316,BH,1316,Peluche
Puzzle 1000 Piezas 1317,Ravensburger,1317,Puzzle
Bicicleta Infantil 1318,Play-Doh,1318,Manualidad
Mu침eca Barbie 1319,Play-Doh,1319,Puzzle
Lego Star Wars 1320,Lego,1320,Mu침eca
Monopoly Cl치sico 1321,Ty,1321,Figura de Acci칩n
Bicicleta Infantil 1322,Play-Doh,1322,Puzzle
Hot Wheels Mustang 1323,DJI,1323,Electr칩nico
Play-Doh Kit 1324,Ty,1324,Construcci칩n
Mu침eca Barbie 1325,Ty,1325,Manualidad
Monopoly Cl치sico 1326,Ravensburger,1326,Exterior
Mu침eca Barbie 1327,Play-Doh,1327,Construcci칩n
Mu침eca Barbie 1328,Ty,1328,Puzzle
Drone DJI Mini 1329,BH,1329,Electr칩nico
Puzzle 1000 Piezas 1330,BH,1330,Electr칩nico
Osito de Peluche 1331,BH,1331,Manualidad
Transformers Optimus Prime 1332,DJI,1332,Juego de Mesa
Puzzle 1000 Piezas 1333,DJI,1333,Veh칤culo
Monopoly Cl치sico 1334,Ty,1334,Veh칤culo
Transformers Optimus Prime 1335,Play-Doh,1335,Peluche
Bicicleta Infantil 1336,Ty,1336,Electr칩nico
Osito de Peluche 1337,Mattel,1337,Construcci칩n
Hot Wheels Mustang 1338,Ravensburger,1338,Manualidad
Puzzle 1000 Piezas 1339,Hasbro,1339,Juego de Mesa
Lego Star Wars 1340,Hasbro,1340,Mu침eca
Monopoly Cl치sico 1341,Ravensburger,1341,Veh칤culo
Puzzle 1000 Piezas 1342,BH,1342,Veh칤culo
Play-Doh Kit 1343,Hasbro,1343,Veh칤culo
Mu침eca Barbie 1344,Ravensburger,1344,Peluche
Puzzle 1000 Piezas 1345,BH,1345,Construcci칩n
Bicicleta Infantil 1346,Ty,1346,Construcci칩n
Bicicleta Infantil 1347,Hasbro,1347,Electr칩nico
Puzzle 1000 Piezas 1348,Ty,1348,Manualidad
Lego Star Wars 1349,BH,1349,Veh칤culo
Lego Star Wars 1350,Mattel,1350,Figura de Acci칩n
Osito de Peluche 1351,Hasbro,1351,Mu침eca
Transformers Optimus Prime 1352,Play-Doh,1352,Manualidad
Mu침eca Barbie 1353,Mattel,1353,Construcci칩n
Hot Wheels Mustang 1354,BH,1354,Peluche
Bicicleta Infantil 1355,Lego,1355,Veh칤culo
Hot Wheels Mustang 1356,Ty,1356,Manualidad
Play-Doh Kit 1357,Ravensburger,1357,Figura de Acci칩n
Osito de Peluche 1358,Play-Doh,1358,Exterior
Lego Star Wars 1359,DJI,1359,Electr칩nico
Mu침eca Barbie 1360,BH,1360,Construcci칩n
Lego Star Wars 1361,DJI,1361,Manualidad
Puzzle 1000 Piezas 1362,Play-Doh,1362,Mu침eca
Mu침eca Barbie 1363,Hasbro,1363,Construcci칩n
Lego Star Wars 1364,Ravensburger,1364,Peluche
Bicicleta Infantil 1365,Hasbro,1365,Electr칩nico
Osito de Peluche 1366,Ravensburger,1366,Exterior
Play-Doh Kit 1367,DJI,1367,Manualidad
Mu침eca Barbie 1368,Lego,1368,Puzzle
Mu침eca Barbie 1369,BH,1369,Mu침eca
Monopoly Cl치sico 1370,Ty,1370,Veh칤culo
Monopoly Cl치sico 1371,DJI,1371,Electr칩nico
Mu침eca Barbie 1372,Ty,1372,Veh칤culo
Play-Doh Kit 1373,Ravensburger,1373,Exterior
Lego Star Wars 1374,Ravensburger,1374,Juego de Mesa
Lego Star Wars 1375,Play-Doh,1375,Mu침eca
Bicicleta Infantil 1376,Ravensburger,1376,Juego de Mesa
Transformers Optimus Prime 1377,Ty,1377,Manualidad
Mu침eca Barbie 1378,DJI,1378,Peluche
Transformers Optimus Prime 1379,Lego,1379,Veh칤culo
Monopoly Cl치sico 1380,DJI,1380,Manualidad
Bicicleta Infantil 1381,DJI,1381,Construcci칩n
Osito de Peluche 1382,BH,1382,Puzzle
Puzzle 1000 Piezas 1383,Play-Doh,1383,Juego de Mesa
Osito de Peluche 1384,Ravensburger,1384,Peluche
Lego Star Wars 1385,Mattel,1385,Juego de Mesa
Mu침eca Barbie 1386,Hasbro,1386,Electr칩nico
Play-Doh Kit 1387,Mattel,1387,Juego de Mesa
Drone DJI Mini 1388,Play-Doh,1388,Manualidad
Monopoly Cl치sico 1389,DJI,1389,Peluche
Play-Doh Kit 1390,Mattel,1390,Exterior
Puzzle 1000 Piezas 1391,Play-Doh,1391,Manualidad
Bicicleta Infantil 1392,Ty,1392,Construcci칩n
Bicicleta Infantil 1393,Lego,1393,Electr칩nico
Lego Star Wars 1394,Hasbro,1394,Manualidad
Hot Wheels Mustang 1395,Play-Doh,1395,Mu침eca
Monopoly Cl치sico 1396,Play-Doh,1396,Peluche
Hot Wheels Mustang 1397,DJI,1397,Electr칩nico
Play-Doh Kit 1398,DJI,1398,Construcci칩n
Mu침eca Barbie 1399,DJI,1399,Construcci칩n
Transformers Optimus Prime 1400,DJI,1400,Figura de Acci칩n
Transformers Optimus Prime 1401,Play-Doh,1401,Veh칤culo
Hot Wheels Mustang 1402,Mattel,1402,Electr칩nico
Puzzle 1000 Piezas 1403,Lego,1403,Figura de Acci칩n
Play-Doh Kit 1404,Ty,1404,Peluche
Bicicleta Infantil 1405,BH,1405,Construcci칩n
Mu침eca Barbie 1406,Play-Doh,1406,Manualidad
Monopoly Cl치sico 1407,Ravensburger,1407,Construcci칩n
Bicicleta Infantil 1408,Hasbro,1408,Figura de Acci칩n
Osito de Peluche 1409,Ty,1409,Puzzle
Puzzle 1000 Piezas 1410,BH,1410,Electr칩nico
Bicicleta Infantil 1411,Ravensburger,1411,Veh칤culo
Bicicleta Infantil 1412,DJI,1412,Exterior
Lego Star Wars 1413,Ty,1413,Manualidad
Puzzle 1000 Piezas 1414,Hasbro,1414,Manualidad
Puzzle 1000 Piezas 1415,BH,1415,Electr칩nico
Puzzle 1000 Piezas 1416,Hasbro,1416,Juego de Mesa
Monopoly Cl치sico 1417,Ravensburger,1417,Puzzle
Transformers Optimus Prime 1418,Lego,1418,Juego de Mesa
Bicicleta Infantil 1419,DJI,1419,Mu침eca
Play-Doh Kit 1420,Lego,1420,Figura de Acci칩n
Play-Doh Kit 1421,Hasbro,1421,Manualidad
Hot Wheels Mustang 1422,Mattel,1422,Figura de Acci칩n
Transformers Optimus Prime 1423,Mattel,1423,Manualidad
Hot Wheels Mustang 1424,Ravensburger,1424,Puzzle
Drone DJI Mini 1425,Ravensburger,1425,Manualidad
Transformers Optimus Prime 1426,Lego,1426,Mu침eca
Transformers Optimus Prime 1427,Play-Doh,1427,Manualidad
Lego Star Wars 1428,DJI,1428,Exterior
Puzzle 1000 Piezas 1429,BH,1429,Juego de Mesa
Osito de Peluche 1430,DJI,1430,Peluche
Transformers Optimus Prime 1431,Hasbro,1431,Veh칤culo
Drone DJI Mini 1432,Ravensburger,1432,Exterior
Bicicleta Infantil 1433,Hasbro,1433,Mu침eca
Lego Star Wars 1434,Ty,1434,Figura de Acci칩n
Transformers Optimus Prime 1435,Lego,1435,Figura de Acci칩n
Drone DJI Mini 1436,Play-Doh,1436,Electr칩nico
Mu침eca Barbie 1437,DJI,1437,Electr칩nico
Monopoly Cl치sico 1438,Hasbro,1438,Figura de Acci칩n
Osito de Peluche 1439,Play-Doh,1439,Peluche
Monopoly Cl치sico 1440,Mattel,1440,Peluche
Monopoly Cl치sico 1441,Ty,1441,Juego de Mesa
Hot Wheels Mustang 1442,DJI,1442,Mu침eca
Monopoly Cl치sico 1443,Lego,1443,Exterior
Bicicleta Infantil 1444,Ty,1444,Manualidad
Hot Wheels Mustang 1445,Ty,1445,Figura de Acci칩n
Hot Wheels Mustang 1446,Play-Doh,1446,Veh칤culo
Drone DJI Mini 1447,Hasbro,1447,Mu침eca
Osito de Peluche 1448,Ravensburger,1448,Manualidad
Puzzle 1000 Piezas 1449,Lego,1449,Juego de Mesa
Drone DJI Mini 1450,DJI,1450,Juego de Mesa
Hot Wheels Mustang 1451,Ty,1451,Puzzle
Drone DJI Mini 1452,Lego,1452,Figura de Acci칩n
Transformers Optimus Prime 1453,Mattel,1453,Puzzle
Hot Wheels Mustang 1454,Play-Doh,1454,Manualidad
Drone DJI Mini 1455,Hasbro,1455,Juego de Mesa
Hot Wheels Mustang 1456,DJI,1456,Peluche
Mu침eca Barbie 1457,Mattel,1457,Peluche
Lego Star Wars 1458,Ravensburger,1458,Exterior
Monopoly Cl치sico 1459,Hasbro,1459,Peluche
Lego Star Wars 1460,Hasbro,1460,Construcci칩n
Play-Doh Kit 1461,Ty,1461,Juego de Mesa
Monopoly Cl치sico 1462,Ravensburger,1462,Exterior
Monopoly Cl치sico 1463,BH,1463,Veh칤culo
Monopoly Cl치sico 1464,BH,1464,Juego de Mesa
Bicicleta Infantil 1465,Lego,1465,Manualidad
Drone DJI Mini 1466,Hasbro,1466,Juego de Mesa
Osito de Peluche 1467,Lego,1467,Electr칩nico
Mu침eca Barbie 1468,Mattel,1468,Manualidad
Mu침eca Barbie 1469,Ty,1469,Figura de Acci칩n
Lego Star Wars 1470,Hasbro,1470,Exterior
Hot Wheels Mustang 1471,Lego,1471,Peluche
Lego Star Wars 1472,Play-Doh,1472,Exterior
Bicicleta Infantil 1473,BH,1473,Veh칤culo
Hot Wheels Mustang 1474,DJI,1474,Construcci칩n
Hot Wheels Mustang 1475,DJI,1475,Figura de Acci칩n
Lego Star Wars 1476,Ty,1476,Electr칩nico
Monopoly Cl치sico 1477,BH,1477,Mu침eca
Play-Doh Kit 1478,Mattel,1478,Juego de Mesa
Mu침eca Barbie 1479,Play-Doh,1479,Construcci칩n
Drone DJI Mini 1480,DJI,1480,Veh칤culo
Drone DJI Mini 1481,Lego,1481,Puzzle
Monopoly Cl치sico 1482,Play-Doh,1482,Juego de Mesa
Puzzle 1000 Piezas 1483,Ravensburger,1483,Juego de Mesa
Transformers Optimus Prime 1484,Play-Doh,1484,Veh칤culo
Transformers Optimus Prime 1485,Ty,1485,Manualidad
Transformers Optimus Prime 1486,Ty,1486,Puzzle
Puzzle 1000 Piezas 1487,BH,1487,Puzzle
Monopoly Cl치sico 1488,Play-Doh,1488,Juego de Mesa
Transformers Optimus Prime 1489,Ty,1489,Juego de Mesa
Transformers Optimus Prime 1490,Ty,1490,Exterior
Transformers Optimus Prime 1491,Ty,1491,Juego de Mesa
Drone DJI Mini 1492,Ty,1492,Figura de Acci칩n
Transformers Optimus Prime 1493,Hasbro,1493,Construcci칩n
Transformers Optimus Prime 1494,BH,1494,Mu침eca
Transformers Optimus Prime 1495,Ravensburger,1495,Juego de Mesa
Puzzle 1000 Piezas 1496,DJI,1496,Manualidad
Mu침eca Barbie 1497,Play-Doh,1497,Figura de Acci칩n
Bicicleta Infantil 1498,Ty,1498,Manualidad
Puzzle 1000 Piezas 1499,DJI,1499,Exterior
Puzzle 1000 Piezas 1500,BH,1500,Figura de Acci칩n
Play-Doh Kit 1501,Lego,1501,Puzzle
Puzzle 1000 Piezas 1502,Hasbro,1502,Figura de Acci칩n
Mu침eca Barbie 1503,Mattel,1503,Peluche
Mu침eca Barbie 1504,BH,1504,Electr칩nico
Hot Wheels Mustang 1505,DJI,1505,Construcci칩n
Lego Star Wars 1506,Ty,1506,Construcci칩n
Monopoly Cl치sico 1507,Play-Doh,1507,Manualidad
Lego Star Wars 1508,BH,1508,Figura de Acci칩n
Bicicleta Infantil 1509,Lego,1509,Juego de Mesa
Play-Doh Kit 1510,Mattel,1510,Electr칩nico
Bicicleta Infantil 1511,Ravensburger,1511,Puzzle
Drone DJI Mini 1512,BH,1512,Exterior
Puzzle 1000 Piezas 1513,DJI,1513,Figura de Acci칩n
Lego Star Wars 1514,Mattel,1514,Exterior
Drone DJI Mini 1515,Play-Doh,1515,Veh칤culo
Transformers Optimus Prime 1516,Ravensburger,1516,Mu침eca
Transformers Optimus Prime 1517,Lego,1517,Figura de Acci칩n
Hot Wheels Mustang 1518,DJI,1518,Manualidad
Bicicleta Infantil 1519,Mattel,1519,Juego de Mesa
Lego Star Wars 1520,Hasbro,1520,Juego de Mesa
Monopoly Cl치sico 1521,Mattel,1521,Peluche
Transformers Optimus Prime 1522,DJI,1522,Construcci칩n
Osito de Peluche 1523,Lego,1523,Electr칩nico
Osito de Peluche 1524,Ty,1524,Veh칤culo
Osito de Peluche 1525,Mattel,1525,Construcci칩n
Hot Wheels Mustang 1526,Play-Doh,1526,Exterior
Osito de Peluche 1527,Ty,1527,Juego de Mesa
Bicicleta Infantil 1528,Lego,1528,Manualidad
Bicicleta Infantil 1529,Mattel,1529,Manualidad
Hot Wheels Mustang 1530,Lego,1530,Puzzle
Bicicleta Infantil 1531,Ty,1531,Mu침eca
Lego Star Wars 1532,Ravensburger,1532,Exterior
Puzzle 1000 Piezas 1533,Mattel,1533,Puzzle
Hot Wheels Mustang 1534,Play-Doh,1534,Mu침eca
Mu침eca Barbie 1535,Ravensburger,1535,Mu침eca
Transformers Optimus Prime 1536,Ty,1536,Construcci칩n
Transformers Optimus Prime 1537,BH,1537,Veh칤culo
Mu침eca Barbie 1538,DJI,1538,Veh칤culo
Osito de Peluche 1539,Ty,1539,Juego de Mesa
Play-Doh Kit 1540,BH,1540,Puzzle
Monopoly Cl치sico 1541,BH,1541,Manualidad
Bicicleta Infantil 1542,Ty,1542,Construcci칩n
Mu침eca Barbie 1543,Mattel,1543,Figura de Acci칩n
Lego Star Wars 1544,Ty,1544,Veh칤culo
Lego Star Wars 1545,Ravensburger,1545,Mu침eca
Puzzle 1000 Piezas 1546,Ravensburger,1546,Peluche
Play-Doh Kit 1547,Ty,1547,Construcci칩n
Puzzle 1000 Piezas 1548,Hasbro,1548,Figura de Acci칩n
Play-Doh Kit 1549,Hasbro,1549,Veh칤culo
Osito de Peluche 1550,Ty,1550,Juego de Mesa
Play-Doh Kit 1551,Ravensburger,1551,Figura de Acci칩n
Play-Doh Kit 1552,BH,1552,Manualidad
Monopoly Cl치sico 1553,DJI,1553,Veh칤culo
Hot Wheels Mustang 1554,Play-Doh,1554,Veh칤culo
Hot Wheels Mustang 1555,Ravensburger,1555,Peluche
Play-Doh Kit 1556,BH,1556,Peluche
Osito de Peluche 1557,DJI,1557,Veh칤culo
Lego Star Wars 1558,Hasbro,1558,Electr칩nico
Transformers Optimus Prime 1559,DJI,1559,Puzzle
Monopoly Cl치sico 1560,DJI,1560,Exterior
Lego Star Wars 1561,Ty,1561,Puzzle
Lego Star Wars 1562,Play-Doh,1562,Puzzle
Transformers Optimus Prime 1563,Lego,1563,Mu침eca
Bicicleta Infantil 1564,Mattel,1564,Construcci칩n
Transformers Optimus Prime 1565,Play-Doh,1565,Veh칤culo
Puzzle 1000 Piezas 1566,Ravensburger,1566,Juego de Mesa
Puzzle 1000 Piezas 1567,BH,1567,Mu침eca
Osito de Peluche 1568,Hasbro,1568,Mu침eca
Bicicleta Infantil 1569,Ty,1569,Exterior
Puzzle 1000 Piezas 1570,Mattel,1570,Electr칩nico
Drone DJI Mini 1571,Hasbro,1571,Construcci칩n
Osito de Peluche 1572,Hasbro,1572,Puzzle
Mu침eca Barbie 1573,Ty,1573,Electr칩nico
Play-Doh Kit 1574,Ravensburger,1574,Figura de Acci칩n
Mu침eca Barbie 1575,BH,1575,Puzzle
Hot Wheels Mustang 1576,Play-Doh,1576,Veh칤culo
Mu침eca Barbie 1577,Lego,1577,Juego de Mesa
Osito de Peluche 1578,Ravensburger,1578,Manualidad
Monopoly Cl치sico 1579,DJI,1579,Manualidad
Transformers Optimus Prime 1580,Play-Doh,1580,Mu침eca
Play-Doh Kit 1581,Ty,1581,Exterior
Puzzle 1000 Piezas 1582,BH,1582,Veh칤culo
Play-Doh Kit 1583,BH,1583,Exterior
Drone DJI Mini 1584,Ravensburger,1584,Veh칤culo
Monopoly Cl치sico 1585,BH,1585,Veh칤culo
Hot Wheels Mustang 1586,DJI,1586,Juego de Mesa
Osito de Peluche 1587,Mattel,1587,Figura de Acci칩n
Bicicleta Infantil 1588,Hasbro,1588,Peluche
Play-Doh Kit 1589,Hasbro,1589,Veh칤culo
Mu침eca Barbie 1590,BH,1590,Veh칤culo
Monopoly Cl치sico 1591,Ty,1591,Juego de Mesa
Hot Wheels Mustang 1592,Lego,1592,Puzzle
Bicicleta Infantil 1593,Lego,1593,Electr칩nico
Monopoly Cl치sico 1594,DJI,1594,Veh칤culo
Puzzle 1000 Piezas 1595,Mattel,1595,Exterior
Hot Wheels Mustang 1596,Play-Doh,1596,Exterior
Transformers Optimus Prime 1597,Ty,1597,Juego de Mesa
Bicicleta Infantil 1598,Lego,1598,Manualidad
Puzzle 1000 Piezas 1599,Mattel,1599,Construcci칩n
Monopoly Cl치sico 1600,Hasbro,1600,Puzzle
Drone DJI Mini 1601,Ravensburger,1601,Peluche
Drone DJI Mini 1602,Mattel,1602,Electr칩nico
Osito de Peluche 1603,Ravensburger,1603,Veh칤culo
Play-Doh Kit 1604,DJI,1604,Manualidad
Hot Wheels Mustang 1605,Hasbro,1605,Electr칩nico
Lego Star Wars 1606,Ty,1606,Mu침eca
Puzzle 1000 Piezas 1607,Hasbro,1607,Peluche
Transformers Optimus Prime 1608,Ty,1608,Construcci칩n
Play-Doh Kit 1609,DJI,1609,Puzzle
Transformers Optimus Prime 1610,Ty,1610,Veh칤culo
Transformers Optimus Prime 1611,Hasbro,1611,Puzzle
Drone DJI Mini 1612,BH,1612,Figura de Acci칩n
Hot Wheels Mustang 1613,BH,1613,Exterior
Bicicleta Infantil 1614,Ravensburger,1614,Exterior
Bicicleta Infantil 1615,Lego,1615,Figura de Acci칩n
Hot Wheels Mustang 1616,Ty,1616,Juego de Mesa
Hot Wheels Mustang 1617,Hasbro,1617,Veh칤culo
Monopoly Cl치sico 1618,Hasbro,1618,Puzzle
Transformers Optimus Prime 1619,Ty,1619,Peluche
Transformers Optimus Prime 1620,Ravensburger,1620,Figura de Acci칩n
Transformers Optimus Prime 1621,Lego,1621,Juego de Mesa
Osito de Peluche 1622,Lego,1622,Mu침eca
Bicicleta Infantil 1623,Hasbro,1623,Electr칩nico
Transformers Optimus Prime 1624,Play-Doh,1624,Veh칤culo
Transformers Optimus Prime 1625,Ravensburger,1625,Figura de Acci칩n
Drone DJI Mini 1626,DJI,1626,Peluche
Mu침eca Barbie 1627,Mattel,1627,Construcci칩n
Mu침eca Barbie 1628,Ty,1628,Exterior
Puzzle 1000 Piezas 1629,Lego,1629,Mu침eca
Transformers Optimus Prime 1630,Ravensburger,1630,Veh칤culo
Drone DJI Mini 1631,Ty,1631,Exterior
Lego Star Wars 1632,Lego,1632,Figura de Acci칩n
Transformers Optimus Prime 1633,DJI,1633,Manualidad
Bicicleta Infantil 1634,Ty,1634,Veh칤culo
Monopoly Cl치sico 1635,Hasbro,1635,Puzzle
Osito de Peluche 1636,DJI,1636,Construcci칩n
Bicicleta Infantil 1637,DJI,1637,Juego de Mesa
Drone DJI Mini 1638,BH,1638,Figura de Acci칩n
Drone DJI Mini 1639,Mattel,1639,Veh칤culo
Transformers Optimus Prime 1640,DJI,1640,Manualidad
Bicicleta Infantil 1641,DJI,1641,Peluche
Monopoly Cl치sico 1642,DJI,1642,Puzzle
Osito de Peluche 1643,Lego,1643,Construcci칩n
Osito de Peluche 1644,Hasbro,1644,Construcci칩n
Bicicleta Infantil 1645,Hasbro,1645,Exterior
Play-Doh Kit 1646,BH,1646,Construcci칩n
Transformers Optimus Prime 1647,Ravensburger,1647,Construcci칩n
Play-Doh Kit 1648,Lego,1648,Veh칤culo
Lego Star Wars 1649,BH,1649,Juego de Mesa
Drone DJI Mini 1650,Hasbro,1650,Puzzle
Play-Doh Kit 1651,BH,1651,Juego de Mesa
Transformers Optimus Prime 1652,BH,1652,Electr칩nico
Puzzle 1000 Piezas 1653,Ty,1653,Construcci칩n
Drone DJI Mini 1654,Mattel,1654,Veh칤culo
Play-Doh Kit 1655,Ravensburger,1655,Manualidad
Transformers Optimus Prime 1656,DJI,1656,Veh칤culo
Hot Wheels Mustang 1657,Ty,1657,Puzzle
Transformers Optimus Prime 1658,Lego,1658,Mu침eca
Monopoly Cl치sico 1659,Ty,1659,Electr칩nico
Lego Star Wars 1660,Lego,1660,Juego de Mesa
Transformers Optimus Prime 1661,Ty,1661,Construcci칩n
Play-Doh Kit 1662,Hasbro,1662,Mu침eca
Transformers Optimus Prime 1663,Hasbro,1663,Juego de Mesa
Mu침eca Barbie 1664,BH,1664,Electr칩nico
Bicicleta Infantil 1665,Play-Doh,1665,Electr칩nico
Monopoly Cl치sico 1666,BH,1666,Veh칤culo
Bicicleta Infantil 1667,Lego,1667,Puzzle
Hot Wheels Mustang 1668,Mattel,1668,Puzzle
Osito de Peluche 1669,Ravensburger,1669,Figura de Acci칩n
Monopoly Cl치sico 1670,BH,1670,Electr칩nico
Hot Wheels Mustang 1671,Lego,1671,Puzzle
Transformers Optimus Prime 1672,Play-Doh,1672,Manualidad
Transformers Optimus Prime 1673,Play-Doh,1673,Veh칤culo
Lego Star Wars 1674,Ty,1674,Construcci칩n
Osito de Peluche 1675,Ravensburger,1675,Juego de Mesa
Drone DJI Mini 1676,Mattel,1676,Figura de Acci칩n
Bicicleta Infantil 1677,BH,1677,Mu침eca
Play-Doh Kit 1678,Ravensburger,1678,Peluche
Drone DJI Mini 1679,Play-Doh,1679,Peluche
Monopoly Cl치sico 1680,Mattel,1680,Exterior
Drone DJI Mini 1681,Mattel,1681,Figura de Acci칩n
Lego Star Wars 1682,Mattel,1682,Figura de Acci칩n
Puzzle 1000 Piezas 1683,BH,1683,Construcci칩n
Drone DJI Mini 1684,Play-Doh,1684,Puzzle
Lego Star Wars 1685,Ravensburger,1685,Peluche
Puzzle 1000 Piezas 1686,Hasbro,1686,Puzzle
Mu침eca Barbie 1687,Ravensburger,1687,Electr칩nico
Bicicleta Infantil 1688,Play-Doh,1688,Veh칤culo
Drone DJI Mini 1689,Mattel,1689,Construcci칩n
Monopoly Cl치sico 1690,Hasbro,1690,Exterior
Transformers Optimus Prime 1691,Ravensburger,1691,Electr칩nico
Hot Wheels Mustang 1692,DJI,1692,Juego de Mesa
Monopoly Cl치sico 1693,Play-Doh,1693,Mu침eca
Mu침eca Barbie 1694,DJI,1694,Peluche
Play-Doh Kit 1695,Mattel,1695,Peluche
Osito de Peluche 1696,DJI,1696,Construcci칩n
Play-Doh Kit 1697,Ravensburger,1697,Mu침eca
Osito de Peluche 1698,DJI,1698,Figura de Acci칩n
Transformers Optimus Prime 1699,Play-Doh,1699,Juego de Mesa
Drone DJI Mini 1700,Mattel,1700,Peluche
Hot Wheels Mustang 1701,Lego,1701,Peluche
Lego Star Wars 1702,Lego,1702,Mu침eca
Play-Doh Kit 1703,DJI,1703,Construcci칩n
Transformers Optimus Prime 1704,Lego,1704,Figura de Acci칩n
Play-Doh Kit 1705,Ravensburger,1705,Puzzle
Puzzle 1000 Piezas 1706,Play-Doh,1706,Veh칤culo
Hot Wheels Mustang 1707,Play-Doh,1707,Puzzle
Monopoly Cl치sico 1708,Lego,1708,Figura de Acci칩n
Mu침eca Barbie 1709,Ty,1709,Exterior
Transformers Optimus Prime 1710,Ravensburger,1710,Manualidad
Transformers Optimus Prime 1711,Mattel,1711,Electr칩nico
Hot Wheels Mustang 1712,Ravensburger,1712,Veh칤culo
Lego Star Wars 1713,Lego,1713,Construcci칩n
Monopoly Cl치sico 1714,Hasbro,1714,Puzzle
Play-Doh Kit 1715,Mattel,1715,Peluche
Bicicleta Infantil 1716,Lego,1716,Exterior
Bicicleta Infantil 1717,Hasbro,1717,Veh칤culo
Mu침eca Barbie 1718,Ty,1718,Veh칤culo
Monopoly Cl치sico 1719,DJI,1719,Figura de Acci칩n
Drone DJI Mini 1720,Ty,1720,Exterior
Play-Doh Kit 1721,Ty,1721,Construcci칩n
Play-Doh Kit 1722,Lego,1722,Exterior
Hot Wheels Mustang 1723,Hasbro,1723,Veh칤culo
Puzzle 1000 Piezas 1724,Ty,1724,Puzzle
Play-Doh Kit 1725,Ravensburger,1725,Construcci칩n
Play-Doh Kit 1726,BH,1726,Exterior
Drone DJI Mini 1727,Hasbro,1727,Manualidad
Bicicleta Infantil 1728,DJI,1728,Figura de Acci칩n
Bicicleta Infantil 1729,Hasbro,1729,Peluche
Bicicleta Infantil 1730,BH,1730,Exterior
Lego Star Wars 1731,Hasbro,1731,Juego de Mesa
Osito de Peluche 1732,Play-Doh,1732,Electr칩nico
Osito de Peluche 1733,Play-Doh,1733,Mu침eca
Mu침eca Barbie 1734,BH,1734,Manualidad
Hot Wheels Mustang 1735,Lego,1735,Peluche
Hot Wheels Mustang 1736,Ty,1736,Puzzle
Mu침eca Barbie 1737,Hasbro,1737,Manualidad
Lego Star Wars 1738,Ty,1738,Manualidad
Monopoly Cl치sico 1739,Ravensburger,1739,Veh칤culo
Puzzle 1000 Piezas 1740,Hasbro,1740,Figura de Acci칩n
Hot Wheels Mustang 1741,Ty,1741,Veh칤culo
Transformers Optimus Prime 1742,DJI,1742,Veh칤culo
Bicicleta Infantil 1743,Lego,1743,Construcci칩n
Transformers Optimus Prime 1744,Play-Doh,1744,Manualidad
Play-Doh Kit 1745,Lego,1745,Exterior
Transformers Optimus Prime 1746,DJI,1746,Construcci칩n
Transformers Optimus Prime 1747,Hasbro,1747,Juego de Mesa
Hot Wheels Mustang 1748,Ravensburger,1748,Veh칤culo
Transformers Optimus Prime 1749,Hasbro,1749,Exterior
Play-Doh Kit 1750,Play-Doh,1750,Mu침eca
Play-Doh Kit 1751,Mattel,1751,Puzzle
Monopoly Cl치sico 1752,Play-Doh,1752,Construcci칩n
Puzzle 1000 Piezas 1753,BH,1753,Electr칩nico
Mu침eca Barbie 1754,Lego,1754,Manualidad
Transformers Optimus Prime 1755,Hasbro,1755,Manualidad
Drone DJI Mini 1756,Ty,1756,Electr칩nico
Bicicleta Infantil 1757,Ravensburger,1757,Mu침eca
Drone DJI Mini 1758,Play-Doh,1758,Peluche
Play-Doh Kit 1759,Lego,1759,Construcci칩n
Hot Wheels Mustang 1760,Play-Doh,1760,Puzzle
Hot Wheels Mustang 1761,Lego,1761,Manualidad
Play-Doh Kit 1762,Hasbro,1762,Exterior
Mu침eca Barbie 1763,Mattel,1763,Puzzle
Mu침eca Barbie 1764,DJI,1764,Veh칤culo
Play-Doh Kit 1765,Hasbro,1765,Peluche
Mu침eca Barbie 1766,Play-Doh,1766,Figura de Acci칩n
Bicicleta Infantil 1767,DJI,1767,Figura de Acci칩n
Hot Wheels Mustang 1768,Ty,1768,Electr칩nico
Hot Wheels Mustang 1769,Lego,1769,Peluche
Mu침eca Barbie 1770,Lego,1770,Peluche
Play-Doh Kit 1771,Hasbro,1771,Manualidad
Bicicleta Infantil 1772,DJI,1772,Puzzle
Bicicleta Infantil 1773,BH,1773,Veh칤culo
Play-Doh Kit 1774,Ty,1774,Mu침eca
Play-Doh Kit 1775,Ty,1775,Juego de Mesa
Drone DJI Mini 1776,Hasbro,1776,Juego de Mesa
Play-Doh Kit 1777,Lego,1777,Juego de Mesa
Hot Wheels Mustang 1778,Hasbro,1778,Figura de Acci칩n
Puzzle 1000 Piezas 1779,Ty,1779,Mu침eca
Osito de Peluche 1780,DJI,1780,Exterior
Hot Wheels Mustang 1781,Play-Doh,1781,Peluche
Hot Wheels Mustang 1782,Ty,1782,Juego de Mesa
Play-Doh Kit 1783,Mattel,1783,Electr칩nico
Osito de Peluche 1784,BH,1784,Veh칤culo
Play-Doh Kit 1785,BH,1785,Peluche
Transformers Optimus Prime 1786,Ty,1786,Juego de Mesa
Transformers Optimus Prime 1787,Ty,1787,Construcci칩n
Puzzle 1000 Piezas 1788,Mattel,1788,Figura de Acci칩n
Monopoly Cl치sico 1789,Hasbro,1789,Exterior
Transformers Optimus Prime 1790,Play-Doh,1790,Peluche
Hot Wheels Mustang 1791,Mattel,1791,Juego de Mesa
Puzzle 1000 Piezas 1792,Lego,1792,Veh칤culo
Lego Star Wars 1793,Play-Doh,1793,Electr칩nico
Osito de Peluche 1794,Mattel,1794,Mu침eca
Transformers Optimus Prime 1795,Ty,1795,Exterior
Lego Star Wars 1796,Lego,1796,Puzzle
Monopoly Cl치sico 1797,Lego,1797,Peluche
Lego Star Wars 1798,DJI,1798,Puzzle
Lego Star Wars 1799,Ty,1799,Electr칩nico
Bicicleta Infantil 1800,Mattel,1800,Electr칩nico
Mu침eca Barbie 1801,Lego,1801,Electr칩nico
Puzzle 1000 Piezas 1802,Hasbro,1802,Puzzle
Drone DJI Mini 1803,Play-Doh,1803,Manualidad
Hot Wheels Mustang 1804,Ravensburger,1804,Exterior
Transformers Optimus Prime 1805,Ravensburger,1805,Construcci칩n
Osito de Peluche 1806,Ty,1806,Juego de Mesa
Osito de Peluche 1807,Ravensburger,1807,Electr칩nico
Osito de Peluche 1808,Play-Doh,1808,Exterior
Drone DJI Mini 1809,Mattel,1809,Construcci칩n
Osito de Peluche 1810,Hasbro,1810,Exterior
Bicicleta Infantil 1811,Lego,1811,Figura de Acci칩n
Monopoly Cl치sico 1812,Play-Doh,1812,Manualidad
Monopoly Cl치sico 1813,BH,1813,Veh칤culo
Osito de Peluche 1814,BH,1814,Manualidad
Transformers Optimus Prime 1815,BH,1815,Exterior
Monopoly Cl치sico 1816,Hasbro,1816,Electr칩nico
Bicicleta Infantil 1817,Mattel,1817,Puzzle
Lego Star Wars 1818,Mattel,1818,Electr칩nico
Play-Doh Kit 1819,DJI,1819,Exterior
Lego Star Wars 1820,DJI,1820,Manualidad
Drone DJI Mini 1821,DJI,1821,Mu침eca
Transformers Optimus Prime 1822,BH,1822,Veh칤culo
Drone DJI Mini 1823,Mattel,1823,Peluche
Hot Wheels Mustang 1824,Ravensburger,1824,Peluche
Puzzle 1000 Piezas 1825,Lego,1825,Electr칩nico
Puzzle 1000 Piezas 1826,Ravensburger,1826,Exterior
Mu침eca Barbie 1827,Play-Doh,1827,Mu침eca
Drone DJI Mini 1828,BH,1828,Peluche
Mu침eca Barbie 1829,Mattel,1829,Electr칩nico
Hot Wheels Mustang 1830,Mattel,1830,Electr칩nico
Osito de Peluche 1831,Lego,1831,Exterior
Monopoly Cl치sico 1832,Ravensburger,1832,Electr칩nico
Osito de Peluche 1833,Lego,1833,Veh칤culo
Play-Doh Kit 1834,Play-Doh,1834,Mu침eca
Mu침eca Barbie 1835,Play-Doh,1835,Veh칤culo
Hot Wheels Mustang 1836,Ty,1836,Peluche
Osito de Peluche 1837,Play-Doh,1837,Juego de Mesa
Play-Doh Kit 1838,Play-Doh,1838,Mu침eca
Monopoly Cl치sico 1839,DJI,1839,Exterior
Puzzle 1000 Piezas 1840,BH,1840,Puzzle
Mu침eca Barbie 1841,DJI,1841,Veh칤culo
Mu침eca Barbie 1842,Hasbro,1842,Mu침eca
Osito de Peluche 1843,BH,1843,Juego de Mesa
Drone DJI Mini 1844,BH,1844,Mu침eca
Puzzle 1000 Piezas 1845,DJI,1845,Manualidad
Play-Doh Kit 1846,Mattel,1846,Manualidad
Mu침eca Barbie 1847,Hasbro,1847,Juego de Mesa
Osito de Peluche 1848,Play-Doh,1848,Juego de Mesa
Mu침eca Barbie 1849,Ravensburger,1849,Construcci칩n
Bicicleta Infantil 1850,Lego,1850,Electr칩nico
Puzzle 1000 Piezas 1851,DJI,1851,Veh칤culo
Hot Wheels Mustang 1852,BH,1852,Electr칩nico
Drone DJI Mini 1853,Hasbro,1853,Exterior
Hot Wheels Mustang 1854,Lego,1854,Manualidad
Mu침eca Barbie 1855,Ravensburger,1855,Electr칩nico
Drone DJI Mini 1856,Ty,1856,Veh칤culo
Hot Wheels Mustang 1857,Ravensburger,1857,Peluche
Mu침eca Barbie 1858,Ty,1858,Manualidad
Mu침eca Barbie 1859,BH,1859,Manualidad
Transformers Optimus Prime 1860,DJI,1860,Mu침eca
Puzzle 1000 Piezas 1861,Lego,1861,Exterior
Drone DJI Mini 1862,Play-Doh,1862,Peluche
Play-Doh Kit 1863,DJI,1863,Construcci칩n
Transformers Optimus Prime 1864,Play-Doh,1864,Manualidad
Play-Doh Kit 1865,Ravensburger,1865,Mu침eca
Play-Doh Kit 1866,Ty,1866,Exterior
Osito de Peluche 1867,DJI,1867,Figura de Acci칩n
Hot Wheels Mustang 1868,Ty,1868,Veh칤culo
Hot Wheels Mustang 1869,Play-Doh,1869,Figura de Acci칩n
Puzzle 1000 Piezas 1870,BH,1870,Peluche
Drone DJI Mini 1871,DJI,1871,Peluche
Bicicleta Infantil 1872,Ravensburger,1872,Exterior
Lego Star Wars 1873,Ravensburger,1873,Manualidad
Play-Doh Kit 1874,Ty,1874,Veh칤culo
Hot Wheels Mustang 1875,Hasbro,1875,Veh칤culo
Play-Doh Kit 1876,Ty,1876,Peluche
Hot Wheels Mustang 1877,BH,1877,Puzzle
Monopoly Cl치sico 1878,DJI,1878,Mu침eca
Mu침eca Barbie 1879,Ty,1879,Veh칤culo
Lego Star Wars 1880,DJI,1880,Juego de Mesa
Monopoly Cl치sico 1881,Hasbro,1881,Juego de Mesa
Bicicleta Infantil 1882,DJI,1882,Manualidad
Mu침eca Barbie 1883,Lego,1883,Mu침eca
Bicicleta Infantil 1884,Lego,1884,Mu침eca
Bicicleta Infantil 1885,Hasbro,1885,Peluche
Lego Star Wars 1886,Lego,1886,Figura de Acci칩n
Lego Star Wars 1887,Lego,1887,Figura de Acci칩n
Drone DJI Mini 1888,Play-Doh,1888,Peluche
Puzzle 1000 Piezas 1889,Hasbro,1889,Juego de Mesa
Mu침eca Barbie 1890,Play-Doh,1890,Exterior
Drone DJI Mini 1891,Ravensburger,1891,Construcci칩n
Hot Wheels Mustang 1892,Mattel,1892,Mu침eca
Osito de Peluche 1893,BH,1893,Veh칤culo
Mu침eca Barbie 1894,Play-Doh,1894,Exterior
Monopoly Cl치sico 1895,Ty,1895,Puzzle
Bicicleta Infantil 1896,BH,1896,Figura de Acci칩n
Hot Wheels Mustang 1897,Lego,1897,Electr칩nico
Osito de Peluche 1898,BH,1898,Juego de Mesa
Bicicleta Infantil 1899,Play-Doh,1899,Mu침eca
Lego Star Wars 1900,BH,1900,Juego de Mesa
Osito de Peluche 1901,Ty,1901,Mu침eca
Drone DJI Mini 1902,Ty,1902,Electr칩nico
Lego Star Wars 1903,Ravensburger,1903,Electr칩nico
Lego Star Wars 1904,Lego,1904,Figura de Acci칩n
Bicicleta Infantil 1905,Hasbro,1905,Exterior
Hot Wheels Mustang 1906,DJI,1906,Manualidad
Lego Star Wars 1907,Ty,1907,Puzzle
Hot Wheels Mustang 1908,Ravensburger,1908,Mu침eca
Hot Wheels Mustang 1909,Play-Doh,1909,Puzzle
Lego Star Wars 1910,BH,1910,Construcci칩n
Mu침eca Barbie 1911,BH,1911,Juego de Mesa
Hot Wheels Mustang 1912,Mattel,1912,Manualidad
Osito de Peluche 1913,Lego,1913,Construcci칩n
Lego Star Wars 1914,Hasbro,1914,Electr칩nico
Drone DJI Mini 1915,Ty,1915,Exterior
Lego Star Wars 1916,Lego,1916,Electr칩nico
Hot Wheels Mustang 1917,DJI,1917,Juego de Mesa
Hot Wheels Mustang 1918,BH,1918,Figura de Acci칩n
Play-Doh Kit 1919,Hasbro,1919,Figura de Acci칩n
Puzzle 1000 Piezas 1920,Ty,1920,Figura de Acci칩n
Osito de Peluche 1921,DJI,1921,Puzzle
Drone DJI Mini 1922,Ravensburger,1922,Puzzle
Transformers Optimus Prime 1923,Ravensburger,1923,Peluche
Transformers Optimus Prime 1924,Play-Doh,1924,Electr칩nico
Mu침eca Barbie 1925,Ty,1925,Juego de Mesa
Bicicleta Infantil 1926,Mattel,1926,Electr칩nico
Osito de Peluche 1927,Lego,1927,Veh칤culo
Bicicleta Infantil 1928,DJI,1928,Veh칤culo
Mu침eca Barbie 1929,Ravensburger,1929,Juego de Mesa
Bicicleta Infantil 1930,Mattel,1930,Puzzle
Monopoly Cl치sico 1931,Ty,1931,Electr칩nico
Bicicleta Infantil 1932,Ty,1932,Veh칤culo
Play-Doh Kit 1933,Lego,1933,Figura de Acci칩n
Bicicleta Infantil 1934,BH,1934,Manualidad
Bicicleta Infantil 1935,BH,1935,Construcci칩n
Mu침eca Barbie 1936,Play-Doh,1936,Juego de Mesa
Hot Wheels Mustang 1937,Ty,1937,Mu침eca
Transformers Optimus Prime 1938,Ty,1938,Exterior
Osito de Peluche 1939,Mattel,1939,Electr칩nico
Monopoly Cl치sico 1940,Mattel,1940,Exterior
Osito de Peluche 1941,DJI,1941,Peluche
Puzzle 1000 Piezas 1942,Ty,1942,Veh칤culo
Monopoly Cl치sico 1943,Mattel,1943,Exterior
Drone DJI Mini 1944,Play-Doh,1944,Mu침eca
Monopoly Cl치sico 1945,Mattel,1945,Puzzle
Hot Wheels Mustang 1946,Ravensburger,1946,Construcci칩n
Bicicleta Infantil 1947,Hasbro,1947,Electr칩nico
Play-Doh Kit 1948,Ravensburger,1948,Exterior
Osito de Peluche 1949,Lego,1949,Puzzle
Drone DJI Mini 1950,Mattel,1950,Construcci칩n
Monopoly Cl치sico 1951,Ravensburger,1951,Manualidad
Transformers Optimus Prime 1952,Mattel,1952,Electr칩nico
Puzzle 1000 Piezas 1953,Mattel,1953,Veh칤culo
Lego Star Wars 1954,Mattel,1954,Veh칤culo
Puzzle 1000 Piezas 1955,Play-Doh,1955,Manualidad
Monopoly Cl치sico 1956,Lego,1956,Veh칤culo
Osito de Peluche 1957,DJI,1957,Construcci칩n
Drone DJI Mini 1958,DJI,1958,Juego de Mesa
Puzzle 1000 Piezas 1959,BH,1959,Veh칤culo
Osito de Peluche 1960,Mattel,1960,Electr칩nico
Osito de Peluche 1961,Ty,1961,Puzzle
Hot Wheels Mustang 1962,Ty,1962,Peluche
Play-Doh Kit 1963,BH,1963,Exterior
Osito de Peluche 1964,DJI,1964,Manualidad
Lego Star Wars 1965,Hasbro,1965,Exterior
Bicicleta Infantil 1966,Mattel,1966,Construcci칩n
Bicicleta Infantil 1967,Play-Doh,1967,Electr칩nico
Transformers Optimus Prime 1968,Hasbro,1968,Juego de Mesa
Lego Star Wars 1969,Ravensburger,1969,Figura de Acci칩n
Osito de Peluche 1970,Play-Doh,1970,Veh칤culo
Osito de Peluche 1971,Play-Doh,1971,Manualidad
Osito de Peluche 1972,Ravensburger,1972,Juego de Mesa
Osito de Peluche 1973,Lego,1973,Electr칩nico
Drone DJI Mini 1974,DJI,1974,Electr칩nico
Mu침eca Barbie 1975,Mattel,1975,Veh칤culo
Mu침eca Barbie 1976,Lego,1976,Mu침eca
Osito de Peluche 1977,BH,1977,Peluche
Mu침eca Barbie 1978,Ravensburger,1978,Figura de Acci칩n
Drone DJI Mini 1979,Lego,1979,Electronico
Puzzle 1000 Piezas 1980,DJI,1980,Vehiculo
Drone DJI Mini 1981,Hasbro,1981,Exterior
Puzzle 1000 Piezas 1982,BH,1982,Juego de Mesa
Osito de Peluche 1983,Mattel,1983,Manualidad
Lego Star Wars 1984,Play-Doh,1984,Peluche
Transformers Optimus Prime 1985,BH,1985,Manualidad
Puzzle 1000 Piezas 1986,BH,1986,Puzzle
Bicicleta Infantil 1987,Play-Doh,1987,Construccion
Play-Doh Kit 1988,Ravensburger,1988,Exterior
Hot Wheels Mustang 1989,Mattel,1989,Puzzle
Lego Star Wars 1990,BH,3499,Juego de Mesa
Mu吝ca Barbie 1991,Lego,1991,Exterior
Drone DJI Mini 1992,DJI,1992,Peluche
Osito de Peluche 1993,Hasbro,1993,Exterior
Drone DJI Mini 1994,BH,1994,Juego de Mesa
Transformers Optimus Prime 1995,Play-Doh,1995,Exterior
Drone DJI Mini 1996,Hasbro,1996,Peluche
Drone DJI Mini 1997,Hasbro,1997,Peluche
Drone DJI Mini 1998,BH,1998,Mu吝ca
Lego  Minecraft 1999,Ravensburger,1499,Construccion
Lego  Torre Eeifel 2000,Hasbro,5000,Construccion
