Proveedores,Nombre,Marca,Precio,Tipo
A,Hot Wheels Mustang 1,Mattel,1,Muñeca
B,Osito de Peluche 2,Hasbro,2,Exterior
C,Osito de Peluche 3,Ty,3,Juego de Mesa
D,Transformers Optimus Prime 4,Ty,4,Electrónico
E,Monopoly Clásico 5,Ty,5,Construcción
F,Hot Wheels Mustang 6,Lego,6,Figura de Acción
G,Transformers Optimus Prime 7,Ty,7,Exterior
H,Puzzle 1000 Piezas 8,Hasbro,8,Electrónico
I,Transformers Optimus Prime 9,Mattel,9,Manualidad
J,Lego Star Wars 10,Ty,10,Electrónico
K,Drone DJI Mini 11,Play-Doh,11,Peluche
L,Monopoly Clásico 12,Ty,12,Electrónico
M,Hot Wheels Mustang 13,BH,13,Electrónico
N,Play-Doh Kit 14,Lego,14,Figura de Acción
O,Muñeca Barbie 15,Lego,15,Manualidad
P,Bicicleta Infantil 16,Lego,16,Muñeca
Q,Hot Wheels Mustang 17,DJI,17,Exterior
R,Monopoly Clásico 18,Lego,18,Peluche
S,Osito de Peluche 19,Lego,19,Electrónico
T,Hot Wheels Mustang 20,BH,20,Muñeca
U,Drone DJI Mini 21,Hasbro,21,Exterior
V,Hot Wheels Mustang 22,Mattel,22,Exterior
W,Muñeca Barbie 23,Hasbro,23,Vehículo
X,Muñeca Barbie 24,Ravensburger,24,Manualidad
Y,Osito de Peluche 25,Ravensburger,25,Peluche
Z,Muñeca Barbie 26,DJI,26,Electrónico
A,Play-Doh Kit 27,Lego,27,Figura de Acción
B,Play-Doh Kit 28,Mattel,28,Peluche
C,Bicicleta Infantil 29,BH,29,Figura de Acción
D,Drone DJI Mini 30,BH,30,Muñeca
E,Osito de Peluche 31,DJI,31,Vehículo
F,Bicicleta Infantil 32,Lego,32,Peluche
G,Hot Wheels Mustang 33,Ravensburger,33,Peluche
H,Monopoly Clásico 34,Lego,34,Construcción
I,Hot Wheels Mustang 35,Lego,35,Peluche
J,Osito de Peluche 36,Hasbro,36,Electrónico
K,Hot Wheels Mustang 37,Mattel,37,Construcción
L,Puzzle 1000 Piezas 38,DJI,38,Puzzle
M,Monopoly Clásico 39,Lego,39,Juego de Mesa
N,Hot Wheels Mustang 40,BH,40,Puzzle
O,Monopoly Clásico 41,BH,41,Exterior
P,Puzzle 1000 Piezas 42,DJI,42,Peluche
Q,Play-Doh Kit 43,Lego,43,Construcción
R,Osito de Peluche 44,Mattel,44,Juego de Mesa
S,Bicicleta Infantil 45,Lego,45,Puzzle
T,Muñeca Barbie 46,Ravensburger,46,Construcción
U,Transformers Optimus Prime 47,DJI,47,Construcción
V,Muñeca Barbie 48,Hasbro,48,Peluche
W,Drone DJI Mini 49,Play-Doh,49,Electrónico
X,Transformers Optimus Prime 50,Lego,50,Manualidad
Y,Drone DJI Mini 51,Lego,51,Puzzle
Z,Transformers Optimus Prime 52,Mattel,52,Puzzle
A,Puzzle 1000 Piezas 53,Mattel,53,Exterior
B,Lego Star Wars 54,Ty,54,Peluche
C,Osito de Peluche 55,Play-Doh,55,Peluche
D,Hot Wheels Mustang 56,Mattel,56,Peluche
E,Muñeca Barbie 57,Play-Doh,57,Peluche
F,Hot Wheels Mustang 58,BH,58,Peluche
G,Hot Wheels Mustang 59,Mattel,59,Peluche
H,Puzzle 1000 Piezas 60,Ty,60,Juego de Mesa
I,Lego Star Wars 61,Hasbro,61,Exterior
J,Play-Doh Kit 62,DJI,62,Exterior
K,Muñeca Barbie 63,DJI,63,Puzzle
L,Lego Star Wars 64,Mattel,64,Construcción
M,Lego Star Wars 65,BH,65,Figura de Acción
N,Muñeca Barbie 66,Ty,66,Manualidad
O,Play-Doh Kit 67,Hasbro,67,Juego de Mesa
P,Puzzle 1000 Piezas 68,Mattel,68,Muñeca
Q,Drone DJI Mini 69,Play-Doh,69,Puzzle
R,Hot Wheels Mustang 70,DJI,70,Electrónico
S,Transformers Optimus Prime 71,Ty,71,Vehículo
T,Bicicleta Infantil 72,BH,72,Puzzle
U,Monopoly Clásico 73,Ravensburger,73,Manualidad
V,Play-Doh Kit 74,Lego,74,Vehículo
W,Hot Wheels Mustang 75,BH,75,Juego de Mesa
X,Bicicleta Infantil 76,Mattel,76,Puzzle
Y,Puzzle 1000 Piezas 77,Mattel,77,Muñeca
Z,Bicicleta Infantil 78,Hasbro,78,Exterior
A,Puzzle 1000 Piezas 79,Hasbro,79,Vehículo
B,Monopoly Clásico 80,Play-Doh,80,Puzzle
C,Lego Star Wars 81,Hasbro,81,Construcción
D,Osito de Peluche 82,Ty,82,Exterior
E,Play-Doh Kit 83,Mattel,83,Figura de Acción
F,Transformers Optimus Prime 84,BH,84,Puzzle
G,Bicicleta Infantil 85,Ravensburger,85,Vehículo
H,Bicicleta Infantil 86,Mattel,86,Vehículo
I,Hot Wheels Mustang 87,Play-Doh,87,Exterior
J,Osito de Peluche 88,Ty,88,Muñeca
K,Lego Star Wars 89,BH,89,Exterior
L,Drone DJI Mini 90,Lego,90,Exterior
M,Play-Doh Kit 91,Play-Doh,91,Construcción
N,Drone DJI Mini 92,BH,92,Juego de Mesa
O,Transformers Optimus Prime 93,Lego,93,Exterior
P,Monopoly Clásico 94,Lego,94,Figura de Acción
Q,Drone DJI Mini 95,Ty,95,Peluche
R,Hot Wheels Mustang 96,Ravensburger,96,Exterior
S,Hot Wheels Mustang 97,Ty,97,Figura de Acción
T,Osito de Peluche 98,Ty,98,Muñeca
U,Puzzle 1000 Piezas 99,Mattel,99,Exterior
V,Lego Star Wars 100,Mattel,100,Electrónico
W,Bicicleta Infantil 101,Ravensburger,101,Vehículo
X,Puzzle 1000 Piezas 102,Mattel,102,Peluche
Y,Transformers Optimus Prime 103,Ravensburger,103,Juego de Mesa
Z,Play-Doh Kit 104,DJI,104,Construcción
A,Osito de Peluche 105,Hasbro,105,Exterior
B,Monopoly Clásico 106,Play-Doh,106,Vehículo
C,Hot Wheels Mustang 107,Hasbro,107,Vehículo
D,Muñeca Barbie 108,BH,108,Peluche
E,Muñeca Barbie 109,Mattel,109,Exterior
F,Play-Doh Kit 110,Play-Doh,110,Electrónico
G,Transformers Optimus Prime 111,DJI,111,Construcción
H,Drone DJI Mini 112,Mattel,112,Construcción
I,Muñeca Barbie 113,BH,113,Vehículo
J,Drone DJI Mini 114,Hasbro,114,Vehículo
K,Monopoly Clásico 115,BH,115,Muñeca
L,Bicicleta Infantil 116,Mattel,116,Puzzle
M,Drone DJI Mini 117,Hasbro,117,Peluche
N,Lego Star Wars 118,Mattel,118,Juego de Mesa
O,Transformers Optimus Prime 119,Mattel,119,Exterior
P,Monopoly Clásico 120,Ty,120,Peluche
Q,Play-Doh Kit 121,Ravensburger,121,Figura de Acción
R,Transformers Optimus Prime 122,Play-Doh,122,Figura de Acción
S,Drone DJI Mini 123,Hasbro,123,Manualidad
T,Drone DJI Mini 124,Mattel,124,Peluche
U,Drone DJI Mini 125,Mattel,125,Vehículo
V,Bicicleta Infantil 126,BH,126,Manualidad
W,Transformers Optimus Prime 127,BH,127,Vehículo
X,Puzzle 1000 Piezas 128,Mattel,128,Electrónico
Y,Puzzle 1000 Piezas 129,Ravensburger,129,Electrónico
Z,Bicicleta Infantil 130,Lego,130,Juego de Mesa
A,Muñeca Barbie 131,Play-Doh,131,Figura de Acción
B,Drone DJI Mini 132,Play-Doh,132,Electrónico
C,Monopoly Clásico 133,Lego,133,Figura de Acción
D,Bicicleta Infantil 134,Ty,134,Muñeca
E,Monopoly Clásico 135,BH,135,Manualidad
F,Osito de Peluche 136,Hasbro,136,Juego de Mesa
G,Transformers Optimus Prime 137,Ravensburger,137,Manualidad
H,Osito de Peluche 138,Play-Doh,138,Manualidad
I,Hot Wheels Mustang 139,Lego,139,Construcción
J,Lego Star Wars 140,Play-Doh,140,Peluche
K,Osito de Peluche 141,BH,141,Manualidad
L,Osito de Peluche 142,Ty,142,Exterior
M,Puzzle 1000 Piezas 143,Mattel,143,Peluche
N,Play-Doh Kit 144,Mattel,144,Peluche
O,Osito de Peluche 145,Lego,145,Manualidad
P,Bicicleta Infantil 146,Ty,146,Construcción
Q,Monopoly Clásico 147,Hasbro,147,Exterior
R,Play-Doh Kit 148,Play-Doh,148,Electrónico
S,Transformers Optimus Prime 149,Ty,149,Muñeca
T,Osito de Peluche 150,Lego,150,Vehículo
U,Play-Doh Kit 151,Mattel,151,Muñeca
V,Lego Star Wars 152,Lego,152,Electrónico
W,Lego Star Wars 153,Play-Doh,153,Exterior
X,Play-Doh Kit 154,Hasbro,154,Muñeca
Y,Monopoly Clásico 155,Lego,155,Vehículo
Z,Drone DJI Mini 156,Hasbro,156,Exterior
A,Lego Star Wars 157,BH,157,Figura de Acción
B,Play-Doh Kit 158,Play-Doh,158,Manualidad
C,Bicicleta Infantil 159,BH,159,Vehículo
D,Transformers Optimus Prime 160,BH,160,Juego de Mesa
E,Puzzle 1000 Piezas 161,Mattel,161,Figura de Acción
F,Transformers Optimus Prime 162,Ravensburger,162,Manualidad
G,Muñeca Barbie 163,DJI,163,Vehículo
H,Lego Star Wars 164,Mattel,164,Juego de Mesa
I,Hot Wheels Mustang 165,Hasbro,165,Manualidad
J,Monopoly Clásico 166,BH,166,Electrónico
K,Drone DJI Mini 167,BH,167,Juego de Mesa
L,Hot Wheels Mustang 168,DJI,168,Puzzle
M,Muñeca Barbie 169,Play-Doh,169,Manualidad
N,Puzzle 1000 Piezas 170,Play-Doh,170,Electrónico
O,Drone DJI Mini 171,Mattel,171,Muñeca
P,Bicicleta Infantil 172,Play-Doh,172,Exterior
Q,Monopoly Clásico 173,BH,173,Figura de Acción
R,Puzzle 1000 Piezas 174,Lego,174,Vehículo
S,Osito de Peluche 175,Mattel,175,Construcción
T,Puzzle 1000 Piezas 176,Mattel,176,Puzzle
U,Transformers Optimus Prime 177,Mattel,177,Construcción
V,Osito de Peluche 178,Ty,178,Vehículo
W,Drone DJI Mini 179,Ravensburger,179,Exterior
X,Muñeca Barbie 180,Ravensburger,180,Manualidad
Y,Drone DJI Mini 181,Hasbro,181,Peluche
Z,Monopoly Clásico 182,Ravensburger,182,Figura de Acción
A,Lego Star Wars 183,Lego,183,Construcción
B,Drone DJI Mini 184,Play-Doh,184,Manualidad
C,Puzzle 1000 Piezas 185,Hasbro,185,Construcción
D,Transformers Optimus Prime 186,Lego,186,Manualidad
E,Muñeca Barbie 187,Ty,187,Construcción
F,Osito de Peluche 188,Ravensburger,188,Construcción
G,Puzzle 1000 Piezas 189,BH,189,Exterior
H,Play-Doh Kit 190,Hasbro,190,Electrónico
I,Bicicleta Infantil 191,Ravensburger,191,Construcción
J,Transformers Optimus Prime 192,Ravensburger,192,Vehículo
K,Muñeca Barbie 193,Mattel,193,Muñeca
L,Bicicleta Infantil 194,Mattel,194,Peluche
M,Hot Wheels Mustang 195,Hasbro,195,Vehículo
N,Hot Wheels Mustang 196,Lego,196,Manualidad
O,Osito de Peluche 197,Mattel,197,Puzzle
P,Hot Wheels Mustang 198,Ty,198,Construcción
Q,Muñeca Barbie 199,Lego,199,Construcción
R,Hot Wheels Mustang 200,Ty,200,Construcción
S,Muñeca Barbie 201,Ravensburger,201,Manualidad
T,Play-Doh Kit 202,Play-Doh,202,Manualidad
U,Lego Star Wars 203,Ty,203,Electrónico
V,Osito de Peluche 204,Hasbro,204,Muñeca
W,Drone DJI Mini 205,DJI,205,Juego de Mesa
X,Puzzle 1000 Piezas 206,Hasbro,206,Peluche
Y,Drone DJI Mini 207,DJI,207,Puzzle
Z,Hot Wheels Mustang 208,Lego,208,Figura de Acción
A,Hot Wheels Mustang 209,BH,209,Electrónico
B,Drone DJI Mini 210,BH,210,Manualidad
C,Transformers Optimus Prime 211,Ty,211,Manualidad
D,Lego Star Wars 212,Ravensburger,212,Figura de Acción
E,Lego Star Wars 213,DJI,213,Manualidad
F,Monopoly Clásico 214,DJI,214,Muñeca
G,Play-Doh Kit 215,Ravensburger,215,Muñeca
H,Monopoly Clásico 216,DJI,216,Figura de Acción
I,Monopoly Clásico 217,Play-Doh,217,Construcción
J,Drone DJI Mini 218,Ty,218,Exterior
K,Osito de Peluche 219,Hasbro,219,Juego de Mesa
L,Drone DJI Mini 220,BH,220,Peluche
M,Bicicleta Infantil 221,Lego,221,Vehículo
N,Play-Doh Kit 222,Mattel,222,Figura de Acción
O,Lego Star Wars 223,BH,223,Peluche
P,Muñeca Barbie 224,Ravensburger,224,Construcción
Q,Osito de Peluche 225,Mattel,225,Muñeca
R,Hot Wheels Mustang 226,Lego,226,Exterior
S,Drone DJI Mini 227,Ravensburger,227,Electrónico
T,Lego Star Wars 228,DJI,228,Exterior
U,Muñeca Barbie 229,Lego,229,Puzzle
V,Transformers Optimus Prime 230,BH,230,Vehículo
W,Muñeca Barbie 231,Hasbro,231,Construcción
X,Drone DJI Mini 232,Mattel,232,Puzzle
Y,Osito de Peluche 233,BH,233,Juego de Mesa
Z,Bicicleta Infantil 234,Ty,234,Manualidad
A,Monopoly Clásico 235,Ty,235,Manualidad
B,Bicicleta Infantil 236,Mattel,236,Manualidad
C,Lego Star Wars 237,Play-Doh,237,Manualidad
D,Monopoly Clásico 238,Mattel,238,Peluche
E,Bicicleta Infantil 239,Play-Doh,239,Puzzle
F,Monopoly Clásico 240,DJI,240,Juego de Mesa
G,Transformers Optimus Prime 241,Ravensburger,241,Peluche
H,Osito de Peluche 242,Mattel,242,Muñeca
I,Bicicleta Infantil 243,Ty,243,Vehículo
J,Drone DJI Mini 244,Ty,244,Vehículo
K,Hot Wheels Mustang 245,DJI,245,Vehículo
L,Osito de Peluche 246,Mattel,246,Vehículo
M,Hot Wheels Mustang 247,BH,247,Figura de Acción
N,Osito de Peluche 248,DJI,248,Peluche
O,Bicicleta Infantil 249,DJI,249,Construcción
P,Transformers Optimus Prime 250,DJI,250,Peluche
Q,Bicicleta Infantil 251,Play-Doh,251,Juego de Mesa
R,Lego Star Wars 252,Hasbro,252,Exterior
S,Osito de Peluche 253,Ravensburger,253,Manualidad
T,Hot Wheels Mustang 254,Ty,254,Figura de Acción
U,Monopoly Clásico 255,Ravensburger,255,Manualidad
V,Play-Doh Kit 256,Lego,256,Peluche
W,Monopoly Clásico 257,Ty,257,Juego de Mesa
X,Lego Star Wars 258,DJI,258,Manualidad
Y,Lego Star Wars 259,Mattel,259,Peluche
Z,Puzzle 1000 Piezas 260,Lego,260,Puzzle
A,Transformers Optimus Prime 261,Ty,261,Muñeca
B,Puzzle 1000 Piezas 262,Hasbro,262,Manualidad
C,Transformers Optimus Prime 263,DJI,263,Juego de Mesa
D,Drone DJI Mini 264,Lego,264,Electrónico
E,Muñeca Barbie 265,Mattel,265,Peluche
F,Drone DJI Mini 266,Ty,266,Figura de Acción
G,Bicicleta Infantil 267,Hasbro,267,Figura de Acción
H,Muñeca Barbie 268,DJI,268,Muñeca
I,Play-Doh Kit 269,Mattel,269,Vehículo
J,Monopoly Clásico 270,Ty,270,Peluche
K,Muñeca Barbie 271,Lego,271,Vehículo
L,Hot Wheels Mustang 272,Ty,272,Manualidad
M,Hot Wheels Mustang 273,BH,273,Exterior
N,Osito de Peluche 274,Hasbro,274,Puzzle
O,Osito de Peluche 275,Mattel,275,Construcción
P,Monopoly Clásico 276,DJI,276,Puzzle
Q,Bicicleta Infantil 277,BH,277,Exterior
R,Drone DJI Mini 278,BH,278,Puzzle
S,Puzzle 1000 Piezas 279,BH,279,Construcción
T,Hot Wheels Mustang 280,Mattel,280,Puzzle
U,Bicicleta Infantil 281,BH,281,Peluche
V,Play-Doh Kit 282,Mattel,282,Construcción
W,Bicicleta Infantil 283,Mattel,283,Vehículo
X,Play-Doh Kit 284,Lego,284,Puzzle
Y,Osito de Peluche 285,Lego,285,Peluche
Z,Puzzle 1000 Piezas 286,Ravensburger,286,Figura de Acción
A,Hot Wheels Mustang 287,BH,287,Manualidad
B,Hot Wheels Mustang 288,Ravensburger,288,Manualidad
C,Monopoly Clásico 289,Ty,289,Peluche
D,Muñeca Barbie 290,Play-Doh,290,Puzzle
E,Lego Star Wars 291,Hasbro,291,Manualidad
F,Play-Doh Kit 292,Ravensburger,292,Muñeca
G,Play-Doh Kit 293,Play-Doh,293,Electrónico
H,Lego Star Wars 294,Ty,294,Juego de Mesa
I,Transformers Optimus Prime 295,Hasbro,295,Construcción
J,Drone DJI Mini 296,Ravensburger,296,Puzzle
K,Transformers Optimus Prime 297,Hasbro,297,Figura de Acción
L,Monopoly Clásico 298,Play-Doh,298,Puzzle
M,Play-Doh Kit 299,Ravensburger,299,Muñeca
N,Muñeca Barbie 300,Mattel,300,Electrónico
O,Hot Wheels Mustang 301,Mattel,301,Puzzle
P,Osito de Peluche 302,Play-Doh,302,Electrónico
Q,Drone DJI Mini 303,DJI,303,Vehículo
R,Muñeca Barbie 304,BH,304,Puzzle
S,Puzzle 1000 Piezas 305,Ty,305,Vehículo
T,Hot Wheels Mustang 306,Ravensburger,306,Muñeca
U,Lego Star Wars 307,Lego,307,Manualidad
V,Hot Wheels Mustang 308,Hasbro,308,Puzzle
W,Drone DJI Mini 309,Play-Doh,309,Exterior
X,Bicicleta Infantil 310,Ty,310,Juego de Mesa
Y,Transformers Optimus Prime 311,Lego,311,Exterior
Z,Drone DJI Mini 312,Lego,312,Construcción
A,Transformers Optimus Prime 313,DJI,313,Puzzle
B,Lego Star Wars 314,DJI,314,Construcción
C,Bicicleta Infantil 315,DJI,315,Vehículo
D,Play-Doh Kit 316,BH,316,Electrónico
E,Lego Star Wars 317,Play-Doh,317,Figura de Acción
F,Lego Star Wars 318,Play-Doh,318,Construcción
G,Monopoly Clásico 319,Ravensburger,319,Juego de Mesa
H,Puzzle 1000 Piezas 320,Ty,320,Muñeca
I,Monopoly Clásico 321,Hasbro,321,Peluche
J,Lego Star Wars 322,Lego,322,Manualidad
K,Drone DJI Mini 323,Mattel,323,Vehículo
L,Lego Star Wars 324,Lego,324,Vehículo
M,Play-Doh Kit 325,BH,325,Manualidad
N,Bicicleta Infantil 326,Ravensburger,326,Puzzle
O,Lego Star Wars 327,Hasbro,327,Peluche
P,Transformers Optimus Prime 328,Play-Doh,328,Peluche
Q,Bicicleta Infantil 329,Lego,329,Manualidad
R,Play-Doh Kit 330,Lego,330,Muñeca
S,Bicicleta Infantil 331,Ty,331,Figura de Acción
T,Transformers Optimus Prime 332,Hasbro,332,Exterior
U,Play-Doh Kit 333,Ravensburger,333,Puzzle
V,Lego Star Wars 334,Play-Doh,334,Figura de Acción
W,Muñeca Barbie 335,Ravensburger,335,Juego de Mesa
X,Play-Doh Kit 336,Ty,336,Manualidad
Y,Bicicleta Infantil 337,Mattel,337,Vehículo
Z,Muñeca Barbie 338,Hasbro,338,Juego de Mesa
A,Bicicleta Infantil 339,Ty,339,Puzzle
B,Hot Wheels Mustang 340,Mattel,340,Exterior
C,Monopoly Clásico 341,Lego,341,Juego de Mesa
D,Drone DJI Mini 342,Hasbro,342,Exterior
E,Osito de Peluche 343,Mattel,343,Exterior
F,Muñeca Barbie 344,Lego,344,Puzzle
G,Transformers Optimus Prime 345,Lego,345,Manualidad
H,Hot Wheels Mustang 346,Play-Doh,346,Vehículo
I,Hot Wheels Mustang 347,Lego,347,Exterior
J,Puzzle 1000 Piezas 348,Ravensburger,348,Figura de Acción
K,Monopoly Clásico 349,DJI,349,Vehículo
L,Monopoly Clásico 350,BH,350,Manualidad
M,Muñeca Barbie 351,Lego,351,Peluche
N,Muñeca Barbie 352,Ty,352,Manualidad
O,Monopoly Clásico 353,Lego,353,Electrónico
P,Lego Star Wars 354,Ty,354,Figura de Acción
Q,Muñeca Barbie 355,Ty,355,Electrónico
R,Muñeca Barbie 356,Hasbro,356,Muñeca
S,Puzzle 1000 Piezas 357,Play-Doh,357,Exterior
T,Transformers Optimus Prime 358,Mattel,358,Electrónico
U,Osito de Peluche 359,Mattel,359,Manualidad
V,Osito de Peluche 360,Hasbro,360,Electrónico
W,Puzzle 1000 Piezas 361,Lego,361,Figura de Acción
X,Play-Doh Kit 362,Mattel,362,Juego de Mesa
Y,Osito de Peluche 363,Ty,363,Vehículo
Z,Play-Doh Kit 364,DJI,364,Exterior
A,Transformers Optimus Prime 365,Mattel,365,Juego de Mesa
B,Lego Star Wars 366,Hasbro,366,Figura de Acción
C,Muñeca Barbie 367,BH,367,Construcción
D,Muñeca Barbie 368,DJI,368,Construcción
E,Monopoly Clásico 369,Ravensburger,369,Peluche
F,Transformers Optimus Prime 370,Ty,370,Muñeca
G,Drone DJI Mini 371,Ravensburger,371,Peluche
H,Drone DJI Mini 372,BH,372,Muñeca
I,Muñeca Barbie 373,Lego,373,Manualidad
J,Muñeca Barbie 374,DJI,374,Manualidad
K,Muñeca Barbie 375,DJI,375,Figura de Acción
L,Lego Star Wars 376,Ravensburger,376,Juego de Mesa
M,Muñeca Barbie 377,Ty,377,Exterior
N,Hot Wheels Mustang 378,DJI,378,Puzzle
O,Drone DJI Mini 379,Ravensburger,379,Manualidad
P,Monopoly Clásico 380,BH,380,Muñeca
Q,Bicicleta Infantil 381,BH,381,Exterior
R,Play-Doh Kit 382,Ravensburger,382,Figura de Acción
S,Drone DJI Mini 383,BH,383,Exterior
T,Hot Wheels Mustang 384,Ravensburger,384,Electrónico
U,Hot Wheels Mustang 385,Lego,385,Vehículo
V,Hot Wheels Mustang 386,Lego,386,Exterior
W,Monopoly Clásico 387,Ty,387,Construcción
X,Play-Doh Kit 388,DJI,388,Figura de Acción
Y,Drone DJI Mini 389,BH,389,Juego de Mesa
Z,Transformers Optimus Prime 390,Ty,390,Construcción
A,Monopoly Clásico 391,Ravensburger,391,Juego de Mesa
B,Osito de Peluche 392,BH,392,Exterior
C,Monopoly Clásico 393,Ty,393,Electrónico
D,Monopoly Clásico 394,Play-Doh,394,Exterior
E,Monopoly Clásico 395,DJI,395,Figura de Acción
F,Lego Star Wars 396,BH,396,Vehículo
G,Monopoly Clásico 397,Ty,397,Electrónico
H,Monopoly Clásico 398,Hasbro,398,Exterior
I,Transformers Optimus Prime 399,Play-Doh,399,Puzzle
J,Monopoly Clásico 400,Mattel,400,Construcción
K,Play-Doh Kit 401,BH,401,Juego de Mesa
L,Bicicleta Infantil 402,BH,402,Manualidad
M,Puzzle 1000 Piezas 403,Mattel,403,Figura de Acción
N,Play-Doh Kit 404,Ravensburger,404,Muñeca
O,Monopoly Clásico 405,BH,405,Vehículo
P,Transformers Optimus Prime 406,Hasbro,406,Peluche
Q,Transformers Optimus Prime 407,BH,407,Muñeca
R,Puzzle 1000 Piezas 408,Ravensburger,408,Vehículo
S,Transformers Optimus Prime 409,Ravensburger,409,Construcción
T,Monopoly Clásico 410,Mattel,410,Electrónico
U,Muñeca Barbie 411,Play-Doh,411,Juego de Mesa
V,Transformers Optimus Prime 412,Lego,412,Figura de Acción
W,Bicicleta Infantil 413,Hasbro,413,Electrónico
X,Lego Star Wars 414,Play-Doh,414,Construcción
Y,Muñeca Barbie 415,DJI,415,Muñeca
Z,Bicicleta Infantil 416,Ravensburger,416,Peluche
A,Monopoly Clásico 417,Lego,417,Figura de Acción
B,Muñeca Barbie 418,Ty,418,Manualidad
C,Bicicleta Infantil 419,Lego,419,Muñeca
D,Monopoly Clásico 420,Hasbro,420,Peluche
E,Play-Doh Kit 421,BH,421,Figura de Acción
F,Bicicleta Infantil 422,Lego,422,Figura de Acción
G,Drone DJI Mini 423,Lego,423,Exterior
H,Monopoly Clásico 424,Hasbro,424,Vehículo
I,Hot Wheels Mustang 425,Play-Doh,425,Muñeca
J,Muñeca Barbie 426,Mattel,426,Exterior
K,Hot Wheels Mustang 427,DJI,427,Juego de Mesa
L,Bicicleta Infantil 428,DJI,428,Muñeca
M,Muñeca Barbie 429,Play-Doh,429,Manualidad
N,Transformers Optimus Prime 430,Ravensburger,430,Manualidad
O,Play-Doh Kit 431,Play-Doh,431,Muñeca
P,Play-Doh Kit 432,Lego,432,Vehículo
Q,Osito de Peluche 433,DJI,433,Construcción
R,Drone DJI Mini 434,Ravensburger,434,Electrónico
S,Drone DJI Mini 435,Lego,435,Muñeca
T,Osito de Peluche 436,Hasbro,436,Juego de Mesa
U,Drone DJI Mini 437,Play-Doh,437,Exterior
V,Play-Doh Kit 438,Ty,438,Peluche
W,Muñeca Barbie 439,Play-Doh,439,Muñeca
X,Hot Wheels Mustang 440,BH,440,Manualidad
Y,Lego Star Wars 441,DJI,441,Exterior
Z,Hot Wheels Mustang 442,Play-Doh,442,Figura de Acción
A,Transformers Optimus Prime 443,Play-Doh,443,Peluche
B,Monopoly Clásico 444,Ty,444,Vehículo
C,Play-Doh Kit 445,BH,445,Construcción
D,Bicicleta Infantil 446,Ravensburger,446,Juego de Mesa
E,Lego Star Wars 447,Mattel,447,Juego de Mesa
F,Hot Wheels Mustang 448,Play-Doh,448,Puzzle
G,Hot Wheels Mustang 449,Play-Doh,449,Construcción
H,Muñeca Barbie 450,Ravensburger,450,Electrónico
I,Lego Star Wars 451,Play-Doh,451,Puzzle
J,Transformers Optimus Prime 452,DJI,452,Puzzle
K,Muñeca Barbie 453,Hasbro,453,Juego de Mesa
L,Hot Wheels Mustang 454,BH,454,Puzzle
M,Lego Star Wars 455,Lego,455,Manualidad
N,Play-Doh Kit 456,BH,456,Juego de Mesa
O,Puzzle 1000 Piezas 457,BH,457,Figura de Acción
P,Muñeca Barbie 458,Ravensburger,458,Electrónico
Q,Muñeca Barbie 459,Mattel,459,Juego de Mesa
R,Drone DJI Mini 460,BH,460,Peluche
S,Lego Star Wars 461,Hasbro,461,Vehículo
T,Transformers Optimus Prime 462,Lego,462,Exterior
U,Osito de Peluche 463,Ravensburger,463,Vehículo
V,Hot Wheels Mustang 464,Hasbro,464,Puzzle
W,Puzzle 1000 Piezas 465,DJI,465,Construcción
X,Muñeca Barbie 466,Mattel,466,Vehículo
Y,Muñeca Barbie 467,Lego,467,Construcción
Z,Hot Wheels Mustang 468,BH,468,Juego de Mesa
A,Osito de Peluche 469,BH,469,Vehículo
B,Play-Doh Kit 470,DJI,470,Manualidad
C,Monopoly Clásico 471,DJI,471,Manualidad
D,Monopoly Clásico 472,DJI,472,Juego de Mesa
E,Puzzle 1000 Piezas 473,Mattel,473,Juego de Mesa
F,Play-Doh Kit 474,Ravensburger,474,Vehículo
G,Puzzle 1000 Piezas 475,BH,475,Electrónico
H,Hot Wheels Mustang 476,Ravensburger,476,Electrónico
I,Drone DJI Mini 477,Mattel,477,Vehículo
J,Puzzle 1000 Piezas 478,Ty,478,Electrónico
K,Hot Wheels Mustang 479,Mattel,479,Vehículo
L,Hot Wheels Mustang 480,Lego,480,Muñeca
M,Puzzle 1000 Piezas 481,DJI,481,Manualidad
N,Hot Wheels Mustang 482,Hasbro,482,Puzzle
O,Lego Star Wars 483,Ty,483,Vehículo
P,Puzzle 1000 Piezas 484,Lego,484,Muñeca
Q,Hot Wheels Mustang 485,DJI,485,Figura de Acción
R,Hot Wheels Mustang 486,Lego,486,Juego de Mesa
S,Transformers Optimus Prime 487,Mattel,487,Puzzle
T,Muñeca Barbie 488,Ty,488,Juego de Mesa
U,Monopoly Clásico 489,Ravensburger,489,Puzzle
V,Puzzle 1000 Piezas 490,Mattel,490,Muñeca
W,Monopoly Clásico 491,Mattel,491,Electrónico
X,Monopoly Clásico 492,Hasbro,492,Juego de Mesa
Y,Muñeca Barbie 493,Ty,493,Exterior
Z,Transformers Optimus Prime 494,Ty,494,Puzzle
A,Drone DJI Mini 495,DJI,495,Electrónico
B,Muñeca Barbie 496,BH,496,Muñeca
C,Monopoly Clásico 497,Mattel,497,Juego de Mesa
D,Monopoly Clásico 498,DJI,498,Manualidad
E,Muñeca Barbie 499,Ty,499,Peluche
F,Monopoly Clásico 500,Ravensburger,500,Puzzle
G,Drone DJI Mini 501,Mattel,501,Construcción
H,Muñeca Barbie 502,Mattel,502,Muñeca
I,Drone DJI Mini 503,DJI,503,Muñeca
J,Lego Star Wars 504,BH,504,Manualidad
K,Bicicleta Infantil 505,Lego,505,Exterior
L,Osito de Peluche 506,Hasbro,506,Vehículo
M,Bicicleta Infantil 507,DJI,507,Figura de Acción
N,Puzzle 1000 Piezas 508,Lego,508,Exterior
O,Play-Doh Kit 509,BH,509,Puzzle
P,Monopoly Clásico 510,Hasbro,510,Vehículo
Q,Play-Doh Kit 511,Lego,511,Juego de Mesa
R,Monopoly Clásico 512,Ty,512,Vehículo
S,Play-Doh Kit 513,Play-Doh,513,Muñeca
T,Hot Wheels Mustang 514,Hasbro,514,Exterior
U,Lego Star Wars 515,Lego,515,Exterior
V,Muñeca Barbie 516,Lego,516,Peluche
W,Drone DJI Mini 517,DJI,517,Muñeca
X,Monopoly Clásico 518,Hasbro,518,Peluche
Y,Drone DJI Mini 519,Hasbro,519,Electrónico
Z,Lego Star Wars 520,BH,520,Peluche
A,Bicicleta Infantil 521,Hasbro,521,Construcción
B,Transformers Optimus Prime 522,Ravensburger,522,Puzzle
C,Play-Doh Kit 523,BH,523,Vehículo
D,Transformers Optimus Prime 524,Ty,524,Vehículo
E,Puzzle 1000 Piezas 525,BH,525,Exterior
F,Drone DJI Mini 526,Play-Doh,526,Juego de Mesa
G,Drone DJI Mini 527,Hasbro,527,Juego de Mesa
H,Play-Doh Kit 528,BH,528,Muñeca
I,Transformers Optimus Prime 529,BH,529,Peluche
J,Puzzle 1000 Piezas 530,Ravensburger,530,Vehículo
K,Transformers Optimus Prime 531,DJI,531,Peluche
L,Lego Star Wars 532,BH,532,Peluche
M,Muñeca Barbie 533,Hasbro,533,Electrónico
N,Play-Doh Kit 534,Play-Doh,534,Vehículo
O,Lego Star Wars 535,BH,535,Vehículo
P,Lego Star Wars 536,DJI,536,Manualidad
Q,Bicicleta Infantil 537,Play-Doh,537,Muñeca
R,Drone DJI Mini 538,DJI,538,Electrónico
S,Osito de Peluche 539,Ty,539,Figura de Acción
T,Bicicleta Infantil 540,Play-Doh,540,Vehículo
U,Hot Wheels Mustang 541,Lego,541,Construcción
V,Bicicleta Infantil 542,Lego,542,Muñeca
W,Monopoly Clásico 543,Ty,543,Figura de Acción
X,Transformers Optimus Prime 544,DJI,544,Juego de Mesa
Y,Play-Doh Kit 545,Hasbro,545,Electrónico
Z,Drone DJI Mini 546,Lego,546,Peluche
A,Lego Star Wars 547,Mattel,547,Muñeca
B,Transformers Optimus Prime 548,Play-Doh,548,Exterior
C,Drone DJI Mini 549,BH,549,Vehículo
D,Transformers Optimus Prime 550,Ravensburger,550,Electrónico
E,Muñeca Barbie 551,Ty,551,Vehículo
F,Osito de Peluche 552,BH,552,Exterior
G,Osito de Peluche 553,Play-Doh,553,Puzzle
H,Muñeca Barbie 554,Play-Doh,554,Vehículo
I,Osito de Peluche 555,Hasbro,555,Vehículo
J,Play-Doh Kit 556,Mattel,556,Puzzle
K,Muñeca Barbie 557,Hasbro,557,Peluche
L,Lego Star Wars 558,BH,558,Manualidad
M,Play-Doh Kit 559,Ravensburger,559,Exterior
N,Puzzle 1000 Piezas 560,Ravensburger,560,Vehículo
O,Puzzle 1000 Piezas 561,DJI,561,Vehículo
P,Monopoly Clásico 562,Play-Doh,562,Vehículo
Q,Bicicleta Infantil 563,Lego,563,Peluche
R,Osito de Peluche 564,Ty,564,Electrónico
S,Transformers Optimus Prime 565,DJI,565,Manualidad
T,Puzzle 1000 Piezas 566,BH,566,Manualidad
U,Play-Doh Kit 567,Lego,567,Electrónico
V,Muñeca Barbie 568,DJI,568,Construcción
W,Bicicleta Infantil 569,Play-Doh,569,Manualidad
X,Bicicleta Infantil 570,Ravensburger,570,Muñeca
Y,Lego Star Wars 571,Mattel,571,Vehículo
Z,Lego Star Wars 572,Hasbro,572,Juego de Mesa
A,Lego Star Wars 573,Ty,573,Vehículo
B,Osito de Peluche 574,Hasbro,574,Figura de Acción
C,Play-Doh Kit 575,Ty,575,Manualidad
D,Monopoly Clásico 576,Mattel,576,Exterior
E,Osito de Peluche 577,Mattel,577,Electrónico
F,Bicicleta Infantil 578,Ravensburger,578,Juego de Mesa
G,Drone DJI Mini 579,Hasbro,579,Muñeca
H,Hot Wheels Mustang 580,DJI,580,Figura de Acción
I,Bicicleta Infantil 581,Ty,581,Electrónico
J,Drone DJI Mini 582,Play-Doh,582,Construcción
K,Osito de Peluche 583,Hasbro,583,Puzzle
L,Transformers Optimus Prime 584,Lego,584,Construcción
M,Muñeca Barbie 585,Ty,585,Juego de Mesa
N,Drone DJI Mini 586,Hasbro,586,Figura de Acción
O,Bicicleta Infantil 587,BH,587,Exterior
P,Transformers Optimus Prime 588,Lego,588,Muñeca
Q,Osito de Peluche 589,BH,589,Manualidad
R,Bicicleta Infantil 590,Ty,590,Electrónico
S,Osito de Peluche 591,BH,591,Exterior
T,Play-Doh Kit 592,Lego,592,Puzzle
U,Muñeca Barbie 593,Play-Doh,593,Figura de Acción
V,Transformers Optimus Prime 594,DJI,594,Manualidad
W,Bicicleta Infantil 595,Lego,595,Vehículo
X,Bicicleta Infantil 596,DJI,596,Peluche
Y,Monopoly Clásico 597,Ravensburger,597,Construcción
Z,Osito de Peluche 598,Play-Doh,598,Construcción
A,Muñeca Barbie 599,Ravensburger,599,Muñeca
B,Puzzle 1000 Piezas 600,Ty,600,Exterior
C,Play-Doh Kit 601,Lego,601,Vehículo
D,Hot Wheels Mustang 602,BH,602,Construcción
E,Lego Star Wars 603,Mattel,603,Juego de Mesa
F,Osito de Peluche 604,Hasbro,604,Puzzle
G,Osito de Peluche 605,Play-Doh,605,Puzzle
H,Transformers Optimus Prime 606,DJI,606,Manualidad
I,Play-Doh Kit 607,Play-Doh,607,Figura de Acción
J,Bicicleta Infantil 608,DJI,608,Figura de Acción
K,Muñeca Barbie 609,DJI,609,Electrónico
L,Lego Star Wars 610,DJI,610,Electrónico
M,Monopoly Clásico 611,Hasbro,611,Peluche
N,Osito de Peluche 612,BH,612,Muñeca
O,Puzzle 1000 Piezas 613,Play-Doh,613,Construcción
P,Bicicleta Infantil 614,DJI,614,Juego de Mesa
Q,Transformers Optimus Prime 615,Hasbro,615,Electrónico
R,Monopoly Clásico 616,Hasbro,616,Juego de Mesa
S,Bicicleta Infantil 617,BH,617,Muñeca
T,Transformers Optimus Prime 618,Play-Doh,618,Manualidad
U,Play-Doh Kit 619,Hasbro,619,Figura de Acción
V,Hot Wheels Mustang 620,Ravensburger,620,Vehículo
W,Puzzle 1000 Piezas 621,DJI,621,Construcción
X,Bicicleta Infantil 622,Lego,622,Exterior
Y,Monopoly Clásico 623,Ty,623,Exterior
Z,Monopoly Clásico 624,Ravensburger,624,Vehículo
A,Osito de Peluche 625,DJI,625,Manualidad
B,Lego Star Wars 626,Ty,626,Exterior
C,Osito de Peluche 627,Hasbro,627,Juego de Mesa
D,Muñeca Barbie 628,Play-Doh,628,Exterior
E,Drone DJI Mini 629,DJI,629,Juego de Mesa
F,Bicicleta Infantil 630,BH,630,Electrónico
G,Lego Star Wars 631,Ravensburger,631,Construcción
H,Monopoly Clásico 632,Hasbro,632,Juego de Mesa
I,Drone DJI Mini 633,Play-Doh,633,Figura de Acción
J,Monopoly Clásico 634,Lego,634,Exterior
K,Play-Doh Kit 635,Ty,635,Electrónico
L,Lego Star Wars 636,Mattel,636,Juego de Mesa
M,Osito de Peluche 637,Hasbro,637,Figura de Acción
N,Bicicleta Infantil 638,Lego,638,Peluche
O,Bicicleta Infantil 639,BH,639,Muñeca
P,Puzzle 1000 Piezas 640,Ty,640,Juego de Mesa
Q,Transformers Optimus Prime 641,Hasbro,641,Vehículo
R,Monopoly Clásico 642,Hasbro,642,Manualidad
S,Play-Doh Kit 643,DJI,643,Exterior
T,Lego Star Wars 644,Ravensburger,644,Figura de Acción
U,Muñeca Barbie 645,Ty,645,Puzzle
V,Monopoly Clásico 646,BH,646,Exterior
W,Bicicleta Infantil 647,Hasbro,647,Puzzle
X,Monopoly Clásico 648,Play-Doh,648,Manualidad
Y,Monopoly Clásico 649,Ravensburger,649,Puzzle
Z,Drone DJI Mini 650,Ravensburger,650,Manualidad
A,Drone DJI Mini 651,Ravensburger,651,Exterior
B,Drone DJI Mini 652,Lego,652,Juego de Mesa
C,Lego Star Wars 653,Ty,653,Juego de Mesa
D,Lego Star Wars 654,Mattel,654,Puzzle
E,Lego Star Wars 655,Lego,655,Puzzle
F,Drone DJI Mini 656,Ravensburger,656,Puzzle
G,Osito de Peluche 657,Mattel,657,Electrónico
H,Bicicleta Infantil 658,BH,658,Manualidad
I,Lego Star Wars 659,Hasbro,659,Muñeca
J,Play-Doh Kit 660,Mattel,660,Vehículo
K,Muñeca Barbie 661,Hasbro,661,Construcción
L,Hot Wheels Mustang 662,Lego,662,Construcción
M,Drone DJI Mini 663,Play-Doh,663,Juego de Mesa
N,Lego Star Wars 664,Lego,664,Exterior
O,Play-Doh Kit 665,Ty,665,Juego de Mesa
P,Drone DJI Mini 666,DJI,666,Juego de Mesa
Q,Drone DJI Mini 667,Ty,667,Muñeca
R,Muñeca Barbie 668,Mattel,668,Construcción
S,Osito de Peluche 669,Ravensburger,669,Peluche
T,Drone DJI Mini 670,Play-Doh,670,Vehículo
U,Lego Star Wars 671,DJI,671,Construcción
V,Lego Star Wars 672,Mattel,672,Exterior
W,Bicicleta Infantil 673,DJI,673,Muñeca
X,Osito de Peluche 674,Hasbro,674,Construcción
Y,Osito de Peluche 675,DJI,675,Construcción
Z,Lego Star Wars 676,DJI,676,Construcción
A,Hot Wheels Mustang 677,Ty,677,Figura de Acción
B,Bicicleta Infantil 678,Ty,678,Vehículo
C,Osito de Peluche 679,Ty,679,Muñeca
D,Muñeca Barbie 680,BH,680,Exterior
E,Bicicleta Infantil 681,Play-Doh,681,Vehículo
F,Puzzle 1000 Piezas 682,Ravensburger,682,Puzzle
G,Bicicleta Infantil 683,Ravensburger,683,Puzzle
H,Drone DJI Mini 684,BH,684,Puzzle
I,Drone DJI Mini 685,Ravensburger,685,Puzzle
J,Osito de Peluche 686,Play-Doh,686,Peluche
K,Muñeca Barbie 687,BH,687,Construcción
L,Drone DJI Mini 688,Mattel,688,Juego de Mesa
M,Monopoly Clásico 689,Hasbro,689,Puzzle
N,Hot Wheels Mustang 690,Play-Doh,690,Construcción
O,Puzzle 1000 Piezas 691,BH,691,Exterior
P,Play-Doh Kit 692,Hasbro,692,Puzzle
Q,Osito de Peluche 693,Ravensburger,693,Construcción
R,Drone DJI Mini 694,Mattel,694,Puzzle
S,Monopoly Clásico 695,Ty,695,Vehículo
T,Transformers Optimus Prime 696,DJI,696,Figura de Acción
U,Osito de Peluche 697,Ty,697,Manualidad
V,Muñeca Barbie 698,Lego,698,Vehículo
W,Transformers Optimus Prime 699,DJI,699,Peluche
X,Muñeca Barbie 700,Hasbro,700,Vehículo
Y,Transformers Optimus Prime 701,BH,701,Figura de Acción
Z,Play-Doh Kit 702,Hasbro,702,Juego de Mesa
A,Puzzle 1000 Piezas 703,Mattel,703,Puzzle
B,Osito de Peluche 704,BH,704,Peluche
C,Drone DJI Mini 705,DJI,705,Construcción
D,Muñeca Barbie 706,Ravensburger,706,Peluche
E,Puzzle 1000 Piezas 707,Hasbro,707,Construcción
F,Puzzle 1000 Piezas 708,Lego,708,Construcción
G,Lego Star Wars 709,DJI,709,Peluche
H,Lego Star Wars 710,Play-Doh,710,Construcción
I,Lego Star Wars 711,Ty,711,Figura de Acción
J,Transformers Optimus Prime 712,Mattel,712,Construcción
K,Puzzle 1000 Piezas 713,Ravensburger,713,Muñeca
L,Muñeca Barbie 714,Hasbro,714,Figura de Acción
M,Transformers Optimus Prime 715,Ravensburger,715,Electrónico
N,Hot Wheels Mustang 716,Ty,716,Exterior
O,Play-Doh Kit 717,Mattel,717,Juego de Mesa
P,Monopoly Clásico 718,Lego,718,Puzzle
Q,Lego Star Wars 719,BH,719,Juego de Mesa
R,Muñeca Barbie 720,Ty,720,Juego de Mesa
S,Puzzle 1000 Piezas 721,Ravensburger,721,Peluche
T,Muñeca Barbie 722,Play-Doh,722,Puzzle
U,Bicicleta Infantil 723,Lego,723,Exterior
V,Bicicleta Infantil 724,Lego,724,Muñeca
W,Drone DJI Mini 725,Ravensburger,725,Puzzle
X,Lego Star Wars 726,BH,726,Electrónico
Y,Muñeca Barbie 727,Lego,727,Exterior
Z,Puzzle 1000 Piezas 728,Lego,728,Construcción
A,Play-Doh Kit 729,Play-Doh,729,Juego de Mesa
B,Puzzle 1000 Piezas 730,Ty,730,Vehículo
C,Hot Wheels Mustang 731,BH,731,Puzzle
D,Play-Doh Kit 732,DJI,732,Construcción
E,Puzzle 1000 Piezas 733,Mattel,733,Manualidad
F,Drone DJI Mini 734,Ravensburger,734,Juego de Mesa
G,Lego Star Wars 735,Ravensburger,735,Peluche
H,Hot Wheels Mustang 736,Ty,736,Muñeca
I,Lego Star Wars 737,Mattel,737,Figura de Acción
J,Play-Doh Kit 738,DJI,738,Peluche
K,Drone DJI Mini 739,DJI,739,Vehículo
L,Lego Star Wars 740,Ty,740,Construcción
M,Play-Doh Kit 741,Hasbro,741,Puzzle
N,Lego Star Wars 742,BH,742,Vehículo
O,Muñeca Barbie 743,Ravensburger,743,Construcción
P,Play-Doh Kit 744,DJI,744,Construcción
Q,Osito de Peluche 745,BH,745,Puzzle
R,Monopoly Clásico 746,Ravensburger,746,Electrónico
S,Muñeca Barbie 747,Lego,747,Exterior
T,Hot Wheels Mustang 748,DJI,748,Muñeca
U,Drone DJI Mini 749,Play-Doh,749,Puzzle
V,Lego Star Wars 750,Mattel,750,Juego de Mesa
W,Transformers Optimus Prime 751,DJI,751,Construcción
X,Hot Wheels Mustang 752,Ravensburger,752,Juego de Mesa
Y,Monopoly Clásico 753,Hasbro,753,Juego de Mesa
A,Hot Wheels Mustang 754,Hasbro,754,Exterior
B,Lego Star Wars 755,Mattel,755,Puzzle
C,Monopoly Clásico 756,Ravensburger,756,Manualidad
D,Osito de Peluche 757,Play-Doh,757,Vehículo
E,Muñeca Barbie 758,Ravensburger,758,Figura de Acción
F,Play-Doh Kit 759,Hasbro,759,Manualidad
G,Osito de Peluche 760,DJI,760,Figura de Acción
H,Puzzle 1000 Piezas 761,BH,761,Puzzle
I,Bicicleta Infantil 762,Hasbro,762,Muñeca
J,Drone DJI Mini 763,Mattel,763,Vehículo
K,Transformers Optimus Prime 764,Hasbro,764,Manualidad
L,Osito de Peluche 765,DJI,765,Electrónico
M,Hot Wheels Mustang 766,Ty,766,Construcción
N,Bicicleta Infantil 767,Ravensburger,767,Exterior
O,Lego Star Wars 768,Hasbro,768,Exterior
P,Bicicleta Infantil 769,Ravensburger,769,Figura de Acción
Q,Drone DJI Mini 770,Ty,770,Vehículo
R,Osito de Peluche 771,Ty,771,Vehículo
A,Bicicleta Infantil 772,Hasbro,772,Juego de Mesa
B,Monopoly Clásico 773,Mattel,773,Puzzle
C,Muñeca Barbie 774,Mattel,774,Manualidad
D,Bicicleta Infantil 775,Mattel,775,Muñeca
E,Osito de Peluche 776,Play-Doh,776,Peluche
F,Muñeca Barbie 777,Hasbro,777,Peluche
G,Hot Wheels Mustang 778,Mattel,778,Juego de Mesa
H,Drone DJI Mini 779,Play-Doh,779,Exterior
I,Monopoly Clásico 780,Lego,780,Muñeca
J,Lego Star Wars 781,Ravensburger,781,Figura de Acción
K,Play-Doh Kit 782,BH,782,Juego de Mesa
L,Drone DJI Mini 783,DJI,783,Manualidad
M,Muñeca Barbie 784,Play-Doh,784,Peluche
N,Monopoly Clásico 785,Ravensburger,785,Vehículo
O,Osito de Peluche 786,BH,786,Construcción
P,Puzzle 1000 Piezas 787,Mattel,787,Vehículo
Q,Bicicleta Infantil 788,Lego,788,Vehículo
R,Drone DJI Mini 789,Ty,789,Exterior
S,Transformers Optimus Prime 790,Mattel,790,Figura de Acción
T,Lego Star Wars 791,Hasbro,791,Figura de Acción
U,Hot Wheels Mustang 792,Ravensburger,792,Construcción
V,Hot Wheels Mustang 793,BH,793,Figura de Acción
W,Transformers Optimus Prime 794,Lego,794,Manualidad
X,Lego Star Wars 795,BH,795,Vehículo
Y,Puzzle 1000 Piezas 796,Hasbro,796,Vehículo
Z,Osito de Peluche 797,BH,797,Construcción
A,Lego Star Wars 798,Hasbro,798,Figura de Acción
B,Muñeca Barbie 799,DJI,799,Manualidad
C,Bicicleta Infantil 800,BH,800,Exterior
D,Hot Wheels Mustang 801,Ty,801,Muñeca
E,Transformers Optimus Prime 802,DJI,802,Puzzle
F,Muñeca Barbie 803,Mattel,803,Figura de Acción
G,Drone DJI Mini 804,Ravensburger,804,Vehículo
H,Puzzle 1000 Piezas 805,DJI,805,Vehículo
I,Lego Star Wars 806,Mattel,806,Muñeca
J,Lego Star Wars 807,Play-Doh,807,Figura de Acción
K,Play-Doh Kit 808,Hasbro,808,Electrónico
L,Play-Doh Kit 809,Ty,809,Electrónico
M,Bicicleta Infantil 810,Ty,810,Manualidad
N,Lego Star Wars 811,Mattel,811,Electrónico
O,Hot Wheels Mustang 812,Play-Doh,812,Vehículo
P,Lego Star Wars 813,Ty,813,Construcción
Q,Play-Doh Kit 814,Ty,814,Juego de Mesa
R,Puzzle 1000 Piezas 815,Ravensburger,815,Juego de Mesa
S,Drone DJI Mini 816,Ty,816,Exterior
T,Lego Star Wars 817,DJI,817,Puzzle
U,Bicicleta Infantil 818,Ravensburger,818,Exterior
V,Bicicleta Infantil 819,Ravensburger,819,Exterior
W,Transformers Optimus Prime 820,Lego,820,Muñeca
X,Osito de Peluche 821,BH,821,Puzzle
Y,Hot Wheels Mustang 822,Ty,822,Muñeca
A,Transformers Optimus Prime 823,Lego,823,Puzzle
B,Muñeca Barbie 824,Ravensburger,824,Electrónico
C,Monopoly Clásico 825,Mattel,825,Electrónico
D,Muñeca Barbie 826,Play-Doh,826,Construcción
E,Muñeca Barbie 827,Ravensburger,827,Muñeca
F,Puzzle 1000 Piezas 828,Mattel,828,Exterior
G,Muñeca Barbie 829,Play-Doh,829,Vehículo
H,Muñeca Barbie 830,Ty,830,Figura de Acción
I,Muñeca Barbie 831,Play-Doh,831,Juego de Mesa
J,Lego Star Wars 832,DJI,832,Manualidad
K,Lego Star Wars 833,Ty,833,Vehículo
L,Puzzle 1000 Piezas 834,Lego,834,Electrónico
M,Puzzle 1000 Piezas 835,BH,835,Puzzle
N,Drone DJI Mini 836,Hasbro,836,Electrónico
O,Bicicleta Infantil 837,Lego,837,Juego de Mesa
P,Bicicleta Infantil 838,Lego,838,Juego de Mesa
Q,Osito de Peluche 839,Mattel,839,Juego de Mesa
R,Drone DJI Mini 840,Mattel,840,Exterior
S,Drone DJI Mini 841,DJI,841,Manualidad
T,Transformers Optimus Prime 842,Mattel,842,Juego de Mesa
U,Muñeca Barbie 843,Ty,843,Exterior
V,Lego Star Wars 844,Mattel,844,Peluche
W,Play-Doh Kit 845,BH,845,Figura de Acción
X,Monopoly Clásico 846,Hasbro,846,Muñeca
Y,Hot Wheels Mustang 847,Hasbro,847,Manualidad
Z,Play-Doh Kit 848,Play-Doh,848,Manualidad
A,Puzzle 1000 Piezas 849,Lego,849,Exterior
B,Muñeca Barbie 850,Play-Doh,850,Peluche
C,Monopoly Clásico 851,Lego,851,Puzzle
D,Muñeca Barbie 852,Play-Doh,852,Puzzle
E,Transformers Optimus Prime 853,Mattel,853,Peluche
F,Transformers Optimus Prime 854,Ty,854,Exterior
G,Drone DJI Mini 855,DJI,855,Juego de Mesa
H,Transformers Optimus Prime 856,Play-Doh,856,Juego de Mesa
I,Monopoly Clásico 857,BH,857,Puzzle
J,Transformers Optimus Prime 858,Lego,858,Electrónico
K,Transformers Optimus Prime 859,Hasbro,859,Figura de Acción
L,Play-Doh Kit 860,DJI,860,Electrónico
M,Hot Wheels Mustang 861,Ty,861,Vehículo
N,Play-Doh Kit 862,Ravensburger,862,Muñeca
O,Puzzle 1000 Piezas 863,DJI,863,Electrónico
P,Hot Wheels Mustang 864,BH,864,Figura de Acción
Q,Osito de Peluche 865,DJI,865,Muñeca
R,Muñeca Barbie 866,Play-Doh,866,Vehículo
S,Play-Doh Kit 867,DJI,867,Figura de Acción
T,Play-Doh Kit 868,Mattel,868,Exterior
U,Lego Star Wars 869,Play-Doh,869,Muñeca
V,Puzzle 1000 Piezas 870,Lego,870,Exterior
W,Monopoly Clásico 871,Play-Doh,871,Figura de Acción
X,Muñeca Barbie 872,Mattel,872,Juego de Mesa
Y,Monopoly Clásico 873,Ty,873,Puzzle
Z,Hot Wheels Mustang 874,Lego,874,Electrónico
A,Drone DJI Mini 875,Hasbro,875,Muñeca
B,Lego Star Wars 876,BH,876,Muñeca
C,Monopoly Clásico 877,BH,877,Puzzle
D,Bicicleta Infantil 878,DJI,878,Peluche
E,Transformers Optimus Prime 879,Ravensburger,879,Peluche
F,Play-Doh Kit 880,Play-Doh,880,Construcción
G,Osito de Peluche 881,Play-Doh,881,Figura de Acción
H,Transformers Optimus Prime 882,Lego,882,Figura de Acción
I,Bicicleta Infantil 883,DJI,883,Figura de Acción
J,Bicicleta Infantil 884,Mattel,884,Peluche
K,Play-Doh Kit 885,DJI,885,Exterior
L,Lego Star Wars 886,DJI,886,Peluche
M,Osito de Peluche 887,Mattel,887,Exterior
N,Bicicleta Infantil 888,Play-Doh,888,Figura de Acción
O,Bicicleta Infantil 889,DJI,889,Puzzle
P,Muñeca Barbie 890,Lego,890,Exterior
Q,Drone DJI Mini 891,DJI,891,Juego de Mesa
R,Puzzle 1000 Piezas 892,DJI,892,Construcción
S,Transformers Optimus Prime 893,Ravensburger,893,Puzzle
T,Drone DJI Mini 894,Ravensburger,894,Vehículo
U,Monopoly Clásico 895,Mattel,895,Muñeca
V,Hot Wheels Mustang 896,Hasbro,896,Peluche
W,Puzzle 1000 Piezas 897,BH,897,Electrónico
X,Muñeca Barbie 898,Play-Doh,898,Muñeca
Y,Play-Doh Kit 899,Ravensburger,899,Manualidad
Z,Puzzle 1000 Piezas 900,Ty,900,Vehículo
A,Drone DJI Mini 901,Ravensburger,901,Vehículo
B,Bicicleta Infantil 902,Play-Doh,902,Manualidad
C,Hot Wheels Mustang 903,Ty,903,Peluche
D,Play-Doh Kit 904,Mattel,904,Electrónico
E,Muñeca Barbie 905,Play-Doh,905,Puzzle
F,Bicicleta Infantil 906,BH,906,Figura de Acción
G,Lego Star Wars 907,Ty,907,Vehículo
H,Drone DJI Mini 908,Hasbro,908,Electrónico
I,Bicicleta Infantil 909,Ty,909,Exterior
J,Puzzle 1000 Piezas 910,DJI,910,Figura de Acción
K,Bicicleta Infantil 911,DJI,911,Puzzle
L,Hot Wheels Mustang 912,BH,912,Puzzle
M,Monopoly Clásico 913,BH,913,Peluche
N,Hot Wheels Mustang 914,Play-Doh,914,Exterior
O,Play-Doh Kit 915,BH,915,Muñeca
P,Monopoly Clásico 916,Lego,916,Manualidad
Q,Osito de Peluche 917,Hasbro,917,Figura de Acción
R,Hot Wheels Mustang 918,DJI,918,Exterior
S,Muñeca Barbie 919,Play-Doh,919,Figura de Acción
T,Osito de Peluche 920,Ravensburger,920,Construcción
U,Bicicleta Infantil 921,Play-Doh,921,Electrónico
V,Drone DJI Mini 922,Lego,922,Manualidad
W,Muñeca Barbie 923,Hasbro,923,Peluche
X,Puzzle 1000 Piezas 924,DJI,924,Figura de Acción
Y,Osito de Peluche 925,Play-Doh,925,Juego de Mesa
Z,Monopoly Clásico 926,Ravensburger,926,Muñeca
A,Monopoly Clásico 927,Ty,927,Puzzle
B,Monopoly Clásico 928,Ty,928,Muñeca
C,Bicicleta Infantil 929,Ty,929,Figura de Acción
D,Muñeca Barbie 930,Ravensburger,930,Muñeca
E,Osito de Peluche 931,Ty,931,Juego de Mesa
F,Muñeca Barbie 932,Lego,932,Muñeca
G,Transformers Optimus Prime 933,DJI,933,Exterior
H,Muñeca Barbie 934,Ty,934,Manualidad
I,Play-Doh Kit 935,Lego,935,Vehículo
J,Monopoly Clásico 936,DJI,936,Puzzle
K,Osito de Peluche 937,Mattel,937,Electrónico
L,Monopoly Clásico 938,Play-Doh,938,Muñeca
M,Transformers Optimus Prime 939,Hasbro,939,Puzzle
N,Drone DJI Mini 940,Ravensburger,940,Exterior
O,Bicicleta Infantil 941,Play-Doh,941,Manualidad
P,Drone DJI Mini 942,Play-Doh,942,Muñeca
Q,Transformers Optimus Prime 943,Hasbro,943,Construcción
R,Bicicleta Infantil 944,Ty,944,Puzzle
S,Drone DJI Mini 945,BH,945,Puzzle
T,Monopoly Clásico 946,DJI,946,Construcción
U,Monopoly Clásico 947,Play-Doh,947,Peluche
V,Bicicleta Infantil 948,BH,948,Manualidad
W,Bicicleta Infantil 949,Ravensburger,949,Construcción
X,Puzzle 1000 Piezas 950,BH,950,Exterior
Y,Bicicleta Infantil 951,Play-Doh,951,Puzzle
Z,Transformers Optimus Prime 952,Ravensburger,952,Vehículo
A,Bicicleta Infantil 953,Play-Doh,953,Vehículo
B,Puzzle 1000 Piezas 954,Play-Doh,954,Electrónico
C,Drone DJI Mini 955,Play-Doh,955,Muñeca
D,Bicicleta Infantil 956,DJI,956,Peluche
E,Osito de Peluche 957,DJI,957,Manualidad
F,Muñeca Barbie 958,Ravensburger,958,Electrónico
G,Drone DJI Mini 959,Play-Doh,959,Puzzle
H,Monopoly Clásico 960,Lego,960,Peluche
I,Muñeca Barbie 961,Ty,961,Peluche
J,Lego Star Wars 962,BH,962,Construcción
K,Puzzle 1000 Piezas 963,Ty,963,Puzzle
L,Muñeca Barbie 964,DJI,964,Puzzle
M,Bicicleta Infantil 965,DJI,965,Puzzle
N,Lego Star Wars 966,BH,966,Peluche
O,Puzzle 1000 Piezas 967,Mattel,967,Construcción
P,Bicicleta Infantil 968,Hasbro,968,Juego de Mesa
Q,Hot Wheels Mustang 969,Hasbro,969,Peluche
R,Muñeca Barbie 970,Ravensburger,970,Construcción
S,Bicicleta Infantil 971,Play-Doh,971,Figura de Acción
T,Play-Doh Kit 972,Lego,972,Manualidad
U,Puzzle 1000 Piezas 973,Hasbro,973,Electrónico
V,Monopoly Clásico 974,Mattel,974,Vehículo
W,Muñeca Barbie 975,Ty,975,Muñeca
X,Muñeca Barbie 976,Ravensburger,976,Puzzle
Y,Bicicleta Infantil 977,Ravensburger,977,Peluche
Z,Play-Doh Kit 978,Lego,978,Construcción
A,Hot Wheels Mustang 979,BH,979,Vehículo
B,Bicicleta Infantil 980,Lego,980,Manualidad
C,Drone DJI Mini 981,DJI,981,Electrónico
D,Drone DJI Mini 982,Ravensburger,982,Electrónico
E,Lego Star Wars 983,Ty,983,Electrónico
F,Transformers Optimus Prime 984,Ravensburger,984,Puzzle
G,Muñeca Barbie 985,Ravensburger,985,Manualidad
H,Monopoly Clásico 986,Ravensburger,986,Juego de Mesa
I,Monopoly Clásico 987,Ty,987,Figura de Acción
J,Puzzle 1000 Piezas 988,Ravensburger,988,Figura de Acción
K,Monopoly Clásico 989,Mattel,989,Figura de Acción
L,Transformers Optimus Prime 990,Play-Doh,990,Manualidad
M,Puzzle 1000 Piezas 991,Mattel,991,Exterior
N,Puzzle 1000 Piezas 992,Play-Doh,992,Juego de Mesa
O,Lego Star Wars 993,Ravensburger,993,Exterior
P,Monopoly Clásico 994,BH,994,Juego de Mesa
Q,Monopoly Clásico 995,Hasbro,995,Puzzle
R,Bicicleta Infantil 996,Ravensburger,996,Peluche
S,Bicicleta Infantil 997,Play-Doh,997,Electrónico
T,Monopoly Clásico 998,Ty,998,Vehículo
U,Puzzle 1000 Piezas 999,Lego,999,Peluche
V,Hot Wheels Mustang 1000,DJI,1000,Construcción
W,Lego Star Wars 1001,Hasbro,1001,Juego de Mesa
A,Monopoly Clásico 1002,Lego,1002,Peluche
B,Play-Doh Kit 1003,Lego,1003,Manualidad
C,Lego Star Wars 1004,Ty,1004,Peluche
D,Hot Wheels Mustang 1005,Lego,1005,Peluche
E,Bicicleta Infantil 1006,Ravensburger,1006,Puzzle
F,Play-Doh Kit 1007,DJI,1007,Figura de Acción
G,Puzzle 1000 Piezas 1008,Ravensburger,1008,Vehículo
H,Hot Wheels Mustang 1009,Ravensburger,1009,Figura de Acción
I,Hot Wheels Mustang 1010,Ty,1010,Puzzle
J,Lego Star Wars 1011,Lego,1011,Construcción
K,Hot Wheels Mustang 1012,Play-Doh,1012,Peluche
L,Bicicleta Infantil 1013,Lego,1013,Exterior
M,Puzzle 1000 Piezas 1014,DJI,1014,Puzzle
N,Drone DJI Mini 1015,Play-Doh,1015,Exterior
O,Transformers Optimus Prime 1016,BH,1016,Juego de Mesa
P,Hot Wheels Mustang 1017,DJI,1017,Manualidad
Q,Muñeca Barbie 1018,Play-Doh,1018,Manualidad
R,Muñeca Barbie 1019,BH,1019,Manualidad
S,Monopoly Clásico 1020,Mattel,1020,Juego de Mesa
T,Monopoly Clásico 1021,BH,1021,Construcción
U,Monopoly Clásico 1022,Lego,1022,Muñeca
A,Play-Doh Kit 1023,Mattel,1023,Juego de Mesa
B,Osito de Peluche 1024,Mattel,1024,Juego de Mesa
C,Monopoly Clásico 1025,BH,1025,Muñeca
D,Bicicleta Infantil 1026,Ty,1026,Juego de Mesa
E,Bicicleta Infantil 1027,Hasbro,1027,Muñeca
F,Transformers Optimus Prime 1028,Play-Doh,1028,Juego de Mesa
G,Puzzle 1000 Piezas 1029,Ravensburger,1029,Exterior
H,Hot Wheels Mustang 1030,Mattel,1030,Peluche
I,Muñeca Barbie 1031,Play-Doh,1031,Vehículo
J,Osito de Peluche 1032,Hasbro,1032,Figura de Acción
K,Play-Doh Kit 1033,Play-Doh,1033,Juego de Mesa
L,Monopoly Clásico 1034,Hasbro,1034,Vehículo
M,Bicicleta Infantil 1035,Mattel,1035,Puzzle
N,Play-Doh Kit 1036,Hasbro,1036,Vehículo
O,Drone DJI Mini 1037,Ravensburger,1037,Vehículo
P,Muñeca Barbie 1038,Lego,1038,Peluche
Q,Muñeca Barbie 1039,Ty,1039,Puzzle
R,Osito de Peluche 1040,Hasbro,1040,Manualidad
S,Drone DJI Mini 1041,Mattel,1041,Vehículo
T,Osito de Peluche 1042,Play-Doh,1042,Manualidad
U,Lego Star Wars 1043,Ravensburger,1043,Puzzle
V,Lego Star Wars 1044,Lego,1044,Electrónico
W,Bicicleta Infantil 1045,Ty,1045,Construcción
X,Hot Wheels Mustang 1046,Ravensburger,1046,Figura de Acción
A,Lego Star Wars 1047,Hasbro,1047,Figura de Acción
B,Osito de Peluche 1048,BH,1048,Construcción
C,Monopoly Clásico 1049,Play-Doh,1049,Puzzle
D,Drone DJI Mini 1050,BH,1050,Electrónico
E,Drone DJI Mini 1051,Lego,1051,Exterior
F,Bicicleta Infantil 1052,Mattel,1052,Manualidad
G,Puzzle 1000 Piezas 1053,Ty,1053,Manualidad
H,Play-Doh Kit 1054,Hasbro,1054,Manualidad
I,Monopoly Clásico 1055,Ravensburger,1055,Peluche
J,Transformers Optimus Prime 1056,Hasbro,1056,Vehículo
K,Drone DJI Mini 1057,Hasbro,1057,Juego de Mesa
L,Monopoly Clásico 1058,Ty,1058,Vehículo
M,Monopoly Clásico 1059,Hasbro,1059,Puzzle
N,Lego Star Wars 1060,Hasbro,1060,Juego de Mesa
O,Bicicleta Infantil 1061,Play-Doh,1061,Puzzle
P,Transformers Optimus Prime 1062,Ty,1062,Juego de Mesa
Q,Hot Wheels Mustang 1063,BH,1063,Electrónico
R,Monopoly Clásico 1064,Lego,1064,Peluche
S,Hot Wheels Mustang 1065,Mattel,1065,Peluche
T,Lego Star Wars 1066,Play-Doh,1066,Manualidad
U,Muñeca Barbie 1067,Lego,1067,Figura de Acción
V,Hot Wheels Mustang 1068,Mattel,1068,Electrónico
W,Monopoly Clásico 1069,Ravensburger,1069,Figura de Acción
A,Play-Doh Kit 1070,Ravensburger,1070,Muñeca
B,Play-Doh Kit 1071,Lego,1071,Vehículo
C,Lego Star Wars 1072,Ravensburger,1072,Muñeca
D,Osito de Peluche 1073,Ravensburger,1073,Exterior
E,Muñeca Barbie 1074,DJI,1074,Puzzle
F,Transformers Optimus Prime 1075,Mattel,1075,Electrónico
G,Transformers Optimus Prime 1076,Mattel,1076,Manualidad
H,Osito de Peluche 1077,Mattel,1077,Construcción
I,Bicicleta Infantil 1078,Mattel,1078,Vehículo
J,Transformers Optimus Prime 1079,DJI,1079,Juego de Mesa
K,Muñeca Barbie 1080,Ty,1080,Muñeca
L,Monopoly Clásico 1081,Mattel,1081,Juego de Mesa
M,Osito de Peluche 1082,BH,1082,Exterior
N,Monopoly Clásico 1083,Ravensburger,1083,Exterior
O,Hot Wheels Mustang 1084,Ravensburger,1084,Construcción
P,Puzzle 1000 Piezas 1085,DJI,1085,Puzzle
Q,Play-Doh Kit 1086,Hasbro,1086,Peluche
R,Puzzle 1000 Piezas 1087,Lego,1087,Peluche
S,Muñeca Barbie 1088,Hasbro,1088,Peluche
T,Puzzle 1000 Piezas 1089,BH,1089,Construcción
U,Play-Doh Kit 1090,DJI,1090,Puzzle
V,Lego Star Wars 1091,Hasbro,1091,Electrónico
W,Drone DJI Mini 1092,Lego,1092,Manualidad
A,Osito de Peluche 1093,BH,1093,Manualidad
B,Monopoly Clásico 1094,BH,1094,Juego de Mesa
C,Monopoly Clásico 1095,Hasbro,1095,Electrónico
D,Transformers Optimus Prime 1096,Ravensburger,1096,Peluche
E,Puzzle 1000 Piezas 1097,Ty,1097,Puzzle
F,Monopoly Clásico 1098,Lego,1098,Vehículo
G,Muñeca Barbie 1099,BH,1099,Peluche
H,Drone DJI Mini 1100,Hasbro,1100,Figura de Acción
I,Muñeca Barbie 1101,DJI,1101,Manualidad
J,Osito de Peluche 1102,Lego,1102,Muñeca
K,Osito de Peluche 1103,Hasbro,1103,Figura de Acción
L,Monopoly Clásico 1104,Lego,1104,Juego de Mesa
M,Drone DJI Mini 1105,DJI,1105,Manualidad
N,Osito de Peluche 1106,DJI,1106,Puzzle
O,Bicicleta Infantil 1107,Play-Doh,1107,Juego de Mesa
P,Puzzle 1000 Piezas 1108,Play-Doh,1108,Peluche
Q,Muñeca Barbie 1109,DJI,1109,Manualidad
R,Osito de Peluche 1110,BH,1110,Manualidad
S,Puzzle 1000 Piezas 1111,BH,1111,Exterior
T,Drone DJI Mini 1112,DJI,1112,Muñeca
U,Monopoly Clásico 1113,Play-Doh,1113,Puzzle
V,Osito de Peluche 1114,BH,1114,Vehículo
W,Hot Wheels Mustang 1115,Hasbro,1115,Peluche
X,Osito de Peluche 1116,DJI,1116,Construcción
Y,Lego Star Wars 1117,BH,1117,Construcción
Z,Bicicleta Infantil 1118,Ty,1118,Electrónico
A,Transformers Optimus Prime 1119,Mattel,1119,Puzzle
B,Hot Wheels Mustang 1120,DJI,1120,Electrónico
C,Hot Wheels Mustang 1121,BH,1121,Vehículo
D,Hot Wheels Mustang 1122,BH,1122,Vehículo
E,Hot Wheels Mustang 1123,Play-Doh,1123,Muñeca
F,Transformers Optimus Prime 1124,Hasbro,1124,Electrónico
G,Muñeca Barbie 1125,DJI,1125,Manualidad
H,Transformers Optimus Prime 1126,Hasbro,1126,Peluche
I,Transformers Optimus Prime 1127,Mattel,1127,Manualidad
J,Monopoly Clásico 1128,Ty,1128,Puzzle
K,Osito de Peluche 1129,Ty,1129,Juego de Mesa
L,Osito de Peluche 1130,Mattel,1130,Exterior
M,Monopoly Clásico 1131,Ravensburger,1131,Exterior
N,Monopoly Clásico 1132,Lego,1132,Construcción
O,Puzzle 1000 Piezas 1133,Lego,1133,Electrónico
P,Play-Doh Kit 1134,Lego,1134,Puzzle
Q,Osito de Peluche 1135,Mattel,1135,Electrónico
R,Play-Doh Kit 1136,Hasbro,1136,Electrónico
S,Muñeca Barbie 1137,Play-Doh,1137,Puzzle
T,Monopoly Clásico 1138,DJI,1138,Muñeca
U,Bicicleta Infantil 1139,BH,1139,Manualidad
V,Hot Wheels Mustang 1140,Play-Doh,1140,Manualidad
W,Puzzle 1000 Piezas 1141,Ravensburger,1141,Exterior
A,Osito de Peluche 1142,BH,1142,Electrónico
B,Transformers Optimus Prime 1143,Hasbro,1143,Manualidad
C,Monopoly Clásico 1144,Play-Doh,1144,Puzzle
D,Osito de Peluche 1145,Hasbro,1145,Manualidad
E,Osito de Peluche 1146,Lego,1146,Electrónico
F,Monopoly Clásico 1147,Lego,1147,Manualidad
G,Bicicleta Infantil 1148,Ty,1148,Construcción
H,Lego Star Wars 1149,Hasbro,1149,Vehículo
I,Play-Doh Kit 1150,Lego,1150,Construcción
J,Osito de Peluche 1151,Play-Doh,1151,Figura de Acción
K,Transformers Optimus Prime 1152,Mattel,1152,Peluche
L,Play-Doh Kit 1153,Mattel,1153,Muñeca
M,Transformers Optimus Prime 1154,Ravensburger,1154,Construcción
N,Lego Star Wars 1155,BH,1155,Construcción
O,Transformers Optimus Prime 1156,Ty,1156,Electrónico
P,Bicicleta Infantil 1157,Lego,1157,Electrónico
Q,Play-Doh Kit 1158,Ty,1158,Figura de Acción
A,Osito de Peluche 1159,Ravensburger,1159,Muñeca
B,Lego Star Wars 1160,Ty,1160,Muñeca
C,Hot Wheels Mustang 1161,Mattel,1161,Puzzle
D,Drone DJI Mini 1162,Play-Doh,1162,Electrónico
E,Osito de Peluche 1163,Hasbro,1163,Vehículo
F,Hot Wheels Mustang 1164,Lego,1164,Peluche
G,Bicicleta Infantil 1165,Lego,1165,Construcción
H,Drone DJI Mini 1166,Play-Doh,1166,Muñeca
I,Bicicleta Infantil 1167,BH,1167,Figura de Acción
J,Drone DJI Mini 1168,Ravensburger,1168,Exterior
K,Muñeca Barbie 1169,Hasbro,1169,Construcción
L,Hot Wheels Mustang 1170,BH,1170,Figura de Acción
M,Bicicleta Infantil 1171,DJI,1171,Juego de Mesa
N,Bicicleta Infantil 1172,Hasbro,1172,Juego de Mesa
A,Muñeca Barbie 1173,Play-Doh,1173,Peluche
B,Play-Doh Kit 1174,DJI,1174,Vehículo
C,Puzzle 1000 Piezas 1175,Lego,1175,Peluche
D,Osito de Peluche 1176,Ty,1176,Construcción
E,Play-Doh Kit 1177,Play-Doh,1177,Exterior
F,Monopoly Clásico 1178,Play-Doh,1178,Vehículo
G,Puzzle 1000 Piezas 1179,Play-Doh,1179,Vehículo
H,Muñeca Barbie 1180,Ravensburger,1180,Vehículo
I,Transformers Optimus Prime 1181,Ravensburger,1181,Manualidad
J,Muñeca Barbie 1182,DJI,1182,Manualidad
K,Bicicleta Infantil 1183,Ravensburger,1183,Puzzle
L,Lego Star Wars 1184,Play-Doh,1184,Construcción
M,Hot Wheels Mustang 1185,Ravensburger,1185,Vehículo
N,Transformers Optimus Prime 1186,BH,1186,Muñeca
A,Drone DJI Mini 1187,Ty,1187,Exterior
B,Puzzle 1000 Piezas 1188,Hasbro,1188,Manualidad
C,Transformers Optimus Prime 1189,Ty,1189,Construcción
D,Bicicleta Infantil 1190,Ty,1190,Construcción
E,Puzzle 1000 Piezas 1191,Lego,1191,Vehículo
F,Muñeca Barbie 1192,BH,1192,Puzzle
G,Osito de Peluche 1193,BH,1193,Juego de Mesa
H,Puzzle 1000 Piezas 1194,DJI,1194,Figura de Acción
I,Muñeca Barbie 1195,Hasbro,1195,Puzzle
J,Play-Doh Kit 1196,Ravensburger,1196,Construcción
K,Transformers Optimus Prime 1197,Mattel,1197,Figura de Acción
L,Osito de Peluche 1198,Hasbro,1198,Puzzle
M,Bicicleta Infantil 1199,Mattel,1199,Peluche
N,Monopoly Clásico 1200,Mattel,1200,Electrónico
A,Hot Wheels Mustang 1201,Ravensburger,1201,Vehículo
B,Muñeca Barbie 1202,DJI,1202,Manualidad
C,Monopoly Clásico 1203,DJI,1203,Muñeca
D,Osito de Peluche 1204,DJI,1204,Manualidad
E,Lego Star Wars 1205,DJI,1205,Puzzle
F,Muñeca Barbie 1206,Hasbro,1206,Electrónico
G,Puzzle 1000 Piezas 1207,DJI,1207,Exterior
H,Play-Doh Kit 1208,Ravensburger,1208,Electrónico
I,Hot Wheels Mustang 1209,Hasbro,1209,Muñeca
J,Osito de Peluche 1210,Lego,1210,Figura de Acción
K,Osito de Peluche 1211,Lego,1211,Puzzle
L,Hot Wheels Mustang 1212,Mattel,1212,Manualidad
M,Osito de Peluche 1213,Play-Doh,1213,Electrónico
N,Osito de Peluche 1214,DJI,1214,Exterior
O,Puzzle 1000 Piezas 1215,Hasbro,1215,Exterior
A,Play-Doh Kit 1216,Ravensburger,1216,Muñeca
B,Muñeca Barbie 1217,BH,1217,Peluche
C,Play-Doh Kit 1218,Hasbro,1218,Manualidad
D,Monopoly Clásico 1219,Hasbro,1219,Muñeca
E,Bicicleta Infantil 1220,Mattel,1220,Exterior
F,Hot Wheels Mustang 1221,Ravensburger,1221,Electrónico
G,Lego Star Wars 1222,Mattel,1222,Figura de Acción
H,Puzzle 1000 Piezas 1223,DJI,1223,Construcción
I,Transformers Optimus Prime 1224,BH,1224,Exterior
J,Bicicleta Infantil 1225,BH,1225,Juego de Mesa
K,Muñeca Barbie 1226,Hasbro,1226,Electrónico
L,Play-Doh Kit 1227,Ty,1227,Peluche
M,Osito de Peluche 1228,Play-Doh,1228,Muñeca
N,Osito de Peluche 1229,BH,1229,Peluche
O,Osito de Peluche 1230,Hasbro,1230,Puzzle
P,Puzzle 1000 Piezas 1231,Ravensburger,1231,Construcción
Q,Hot Wheels Mustang 1232,Mattel,1232,Electrónico
A,Bicicleta Infantil 1233,DJI,1233,Electrónico
B,Play-Doh Kit 1234,Hasbro,1234,Peluche
C,Osito de Peluche 1235,BH,1235,Muñeca
D,Drone DJI Mini 1236,Play-Doh,1236,Juego de Mesa
E,Osito de Peluche 1237,Ravensburger,1237,Vehículo
F,Monopoly Clásico 1238,Mattel,1238,Exterior
G,Puzzle 1000 Piezas 1239,BH,1239,Manualidad
H,Drone DJI Mini 1240,Mattel,1240,Muñeca
I,Bicicleta Infantil 1241,Play-Doh,1241,Puzzle
J,Play-Doh Kit 1242,Lego,1242,Figura de Acción
K,Puzzle 1000 Piezas 1243,Hasbro,1243,Electrónico
L,Lego Star Wars 1244,Ty,1244,Electrónico
M,Hot Wheels Mustang 1245,Mattel,1245,Peluche
N,Play-Doh Kit 1246,BH,1246,Muñeca
O,Play-Doh Kit 1247,Lego,1247,Muñeca
A,Muñeca Barbie 1248,BH,1248,Peluche
B,Bicicleta Infantil 1249,Lego,1249,Figura de Acción
C,Play-Doh Kit 1250,DJI,1250,Manualidad
D,Transformers Optimus Prime 1251,DJI,1251,Manualidad
E,Monopoly Clásico 1252,Hasbro,1252,Construcción
F,Muñeca Barbie 1253,Play-Doh,1253,Vehículo
G,Transformers Optimus Prime 1254,BH,1254,Manualidad
H,Muñeca Barbie 1255,Lego,1255,Electrónico
I,Osito de Peluche 1256,Ravensburger,1256,Manualidad
J,Monopoly Clásico 1257,DJI,1257,Puzzle
K,Bicicleta Infantil 1258,BH,1258,Puzzle
L,Drone DJI Mini 1259,Hasbro,1259,Puzzle
M,Lego Star Wars 1260,Lego,1260,Electrónico
N,Osito de Peluche 1261,Ravensburger,1261,Vehículo
O,Puzzle 1000 Piezas 1262,Ravensburger,1262,Manualidad
P,Drone DJI Mini 1263,Hasbro,1263,Muñeca
Q,Hot Wheels Mustang 1264,Hasbro,1264,Vehículo
A,Play-Doh Kit 1265,Ty,1265,Exterior
B,Drone DJI Mini 1266,Lego,1266,Puzzle
C,Hot Wheels Mustang 1267,DJI,1267,Construcción
D,Drone DJI Mini 1268,DJI,1268,Muñeca
E,Hot Wheels Mustang 1269,Ty,1269,Figura de Acción
F,Muñeca Barbie 1270,Hasbro,1270,Puzzle
G,Hot Wheels Mustang 1271,Mattel,1271,Construcción
H,Lego Star Wars 1272,Mattel,1272,Manualidad
I,Osito de Peluche 1273,Mattel,1273,Figura de Acción
J,Play-Doh Kit 1274,BH,1274,Manualidad
K,Hot Wheels Mustang 1275,Play-Doh,1275,Manualidad
L,Hot Wheels Mustang 1276,BH,1276,Electrónico
M,Lego Star Wars 1277,Ty,1277,Juego de Mesa
N,Puzzle 1000 Piezas 1278,BH,1278,Exterior
O,Transformers Optimus Prime 1279,Ty,1279,Figura de Acción
P,Muñeca Barbie 1280,Mattel,1280,Peluche
A,Hot Wheels Mustang 1281,DJI,1281,Muñeca
B,Muñeca Barbie 1282,Ravensburger,1282,Manualidad
C,Drone DJI Mini 1283,Mattel,1283,Peluche
D,Monopoly Clásico 1284,Hasbro,1284,Exterior
E,Play-Doh Kit 1285,Play-Doh,1285,Peluche
F,Lego Star Wars 1286,Play-Doh,1286,Vehículo
G,Osito de Peluche 1287,Lego,1287,Manualidad
H,Drone DJI Mini 1288,Mattel,1288,Exterior
I,Monopoly Clásico 1289,Play-Doh,1289,Vehículo
J,Hot Wheels Mustang 1290,Play-Doh,1290,Vehículo
K,Play-Doh Kit 1291,Ty,1291,Figura de Acción
L,Puzzle 1000 Piezas 1292,Ty,1292,Electrónico
M,Osito de Peluche 1293,Ravensburger,1293,Muñeca
N,Monopoly Clásico 1294,DJI,1294,Vehículo
A,Transformers Optimus Prime 1295,Mattel,1295,Juego de Mesa
B,Muñeca Barbie 1296,Ravensburger,1296,Muñeca
C,Drone DJI Mini 1297,Play-Doh,1297,Manualidad
D,Muñeca Barbie 1298,Ravensburger,1298,Peluche
E,Play-Doh Kit 1299,Ravensburger,1299,Construcción
F,Osito de Peluche 1300,Mattel,1300,Juego de Mesa
G,Drone DJI Mini 1301,BH,1301,Manualidad
H,Drone DJI Mini 1302,DJI,1302,Manualidad
I,Lego Star Wars 1303,Hasbro,1303,Peluche
J,Play-Doh Kit 1304,Ravensburger,1304,Figura de Acción
K,Muñeca Barbie 1305,DJI,1305,Figura de Acción
L,Lego Star Wars 1306,DJI,1306,Juego de Mesa
M,Osito de Peluche 1307,Mattel,1307,Exterior
N,Play-Doh Kit 1308,Hasbro,1308,Exterior
O,Drone DJI Mini 1309,Hasbro,1309,Vehículo
P,Muñeca Barbie 1310,Lego,1310,Exterior
Q,Play-Doh Kit 1311,BH,1311,Juego de Mesa
A,Hot Wheels Mustang 1312,Mattel,1312,Exterior
B,Transformers Optimus Prime 1313,Lego,1313,Vehículo
C,Osito de Peluche 1314,Ty,1314,Construcción
D,Play-Doh Kit 1315,Hasbro,1315,Exterior
E,Transformers Optimus Prime 1316,BH,1316,Peluche
F,Puzzle 1000 Piezas 1317,Ravensburger,1317,Puzzle
G,Bicicleta Infantil 1318,Play-Doh,1318,Manualidad
H,Muñeca Barbie 1319,Play-Doh,1319,Puzzle
I,Lego Star Wars 1320,Lego,1320,Muñeca
J,Monopoly Clásico 1321,Ty,1321,Figura de Acción
K,Bicicleta Infantil 1322,Play-Doh,1322,Puzzle
L,Hot Wheels Mustang 1323,DJI,1323,Electrónico
A,Play-Doh Kit 1324,Ty,1324,Construcción
B,Muñeca Barbie 1325,Ty,1325,Manualidad
C,Monopoly Clásico 1326,Ravensburger,1326,Exterior
D,Muñeca Barbie 1327,Play-Doh,1327,Construcción
E,Muñeca Barbie 1328,Ty,1328,Puzzle
F,Drone DJI Mini 1329,BH,1329,Electrónico
G,Puzzle 1000 Piezas 1330,BH,1330,Electrónico
H,Osito de Peluche 1331,BH,1331,Manualidad
I,Transformers Optimus Prime 1332,DJI,1332,Juego de Mesa
J,Puzzle 1000 Piezas 1333,DJI,1333,Vehículo
K,Monopoly Clásico 1334,Ty,1334,Vehículo
L,Transformers Optimus Prime 1335,Play-Doh,1335,Peluche
M,Bicicleta Infantil 1336,Ty,1336,Electrónico
N,Osito de Peluche 1337,Mattel,1337,Construcción
O,Hot Wheels Mustang 1338,Ravensburger,1338,Manualidad
P,Puzzle 1000 Piezas 1339,Hasbro,1339,Juego de Mesa
A,Lego Star Wars 1340,Hasbro,1340,Muñeca
B,Monopoly Clásico 1341,Ravensburger,1341,Vehículo
C,Puzzle 1000 Piezas 1342,BH,1342,Vehículo
D,Play-Doh Kit 1343,Hasbro,1343,Vehículo
E,Muñeca Barbie 1344,Ravensburger,1344,Peluche
F,Puzzle 1000 Piezas 1345,BH,1345,Construcción
G,Bicicleta Infantil 1346,Ty,1346,Construcción
H,Bicicleta Infantil 1347,Hasbro,1347,Electrónico
I,Puzzle 1000 Piezas 1348,Ty,1348,Manualidad
J,Lego Star Wars 1349,BH,1349,Vehículo
K,Lego Star Wars 1350,Mattel,1350,Figura de Acción
L,Osito de Peluche 1351,Hasbro,1351,Muñeca
M,Transformers Optimus Prime 1352,Play-Doh,1352,Manualidad
N,Muñeca Barbie 1353,Mattel,1353,Construcción
O,Hot Wheels Mustang 1354,BH,1354,Peluche
A,Bicicleta Infantil 1355,Lego,1355,Vehículo
B,Hot Wheels Mustang 1356,Ty,1356,Manualidad
C,Play-Doh Kit 1357,Ravensburger,1357,Figura de Acción
D,Osito de Peluche 1358,Play-Doh,1358,Exterior
E,Lego Star Wars 1359,DJI,1359,Electrónico
F,Muñeca Barbie 1360,BH,1360,Construcción
G,Lego Star Wars 1361,DJI,1361,Manualidad
H,Puzzle 1000 Piezas 1362,Play-Doh,1362,Muñeca
I,Muñeca Barbie 1363,Hasbro,1363,Construcción
J,Lego Star Wars 1364,Ravensburger,1364,Peluche
K,Bicicleta Infantil 1365,Hasbro,1365,Electrónico
L,Osito de Peluche 1366,Ravensburger,1366,Exterior
A,Play-Doh Kit 1367,DJI,1367,Manualidad
B,Muñeca Barbie 1368,Lego,1368,Puzzle
C,Muñeca Barbie 1369,BH,1369,Muñeca
D,Monopoly Clásico 1370,Ty,1370,Vehículo
E,Monopoly Clásico 1371,DJI,1371,Electrónico
F,Muñeca Barbie 1372,Ty,1372,Vehículo
G,Play-Doh Kit 1373,Ravensburger,1373,Exterior
H,Lego Star Wars 1374,Ravensburger,1374,Juego de Mesa
I,Lego Star Wars 1375,Play-Doh,1375,Muñeca
J,Bicicleta Infantil 1376,Ravensburger,1376,Juego de Mesa
K,Transformers Optimus Prime 1377,Ty,1377,Manualidad
L,Muñeca Barbie 1378,DJI,1378,Peluche
M,Transformers Optimus Prime 1379,Lego,1379,Vehículo
N,Monopoly Clásico 1380,DJI,1380,Manualidad
O,Bicicleta Infantil 1381,DJI,1381,Construcción
P,Osito de Peluche 1382,BH,1382,Puzzle
Q,Puzzle 1000 Piezas 1383,Play-Doh,1383,Juego de Mesa
R,Osito de Peluche 1384,Ravensburger,1384,Peluche
S,Lego Star Wars 1385,Mattel,1385,Juego de Mesa
A,Muñeca Barbie 1386,Hasbro,1386,Electrónico
B,Play-Doh Kit 1387,Mattel,1387,Juego de Mesa
C,Drone DJI Mini 1388,Play-Doh,1388,Manualidad
D,Monopoly Clásico 1389,DJI,1389,Peluche
E,Play-Doh Kit 1390,Mattel,1390,Exterior
F,Puzzle 1000 Piezas 1391,Play-Doh,1391,Manualidad
G,Bicicleta Infantil 1392,Ty,1392,Construcción
H,Bicicleta Infantil 1393,Lego,1393,Electrónico
I,Lego Star Wars 1394,Hasbro,1394,Manualidad
J,Hot Wheels Mustang 1395,Play-Doh,1395,Muñeca
K,Monopoly Clásico 1396,Play-Doh,1396,Peluche
L,Hot Wheels Mustang 1397,DJI,1397,Electrónico
M,Play-Doh Kit 1398,DJI,1398,Construcción
N,Muñeca Barbie 1399,DJI,1399,Construcción
O,Transformers Optimus Prime 1400,DJI,1400,Figura de Acción
A,Transformers Optimus Prime 1401,Play-Doh,1401,Vehículo
B,Hot Wheels Mustang 1402,Mattel,1402,Electrónico
C,Puzzle 1000 Piezas 1403,Lego,1403,Figura de Acción
D,Play-Doh Kit 1404,Ty,1404,Peluche
E,Bicicleta Infantil 1405,BH,1405,Construcción
F,Muñeca Barbie 1406,Play-Doh,1406,Manualidad
G,Monopoly Clásico 1407,Ravensburger,1407,Construcción
H,Bicicleta Infantil 1408,Hasbro,1408,Figura de Acción
I,Osito de Peluche 1409,Ty,1409,Puzzle
J,Puzzle 1000 Piezas 1410,BH,1410,Electrónico
K,Bicicleta Infantil 1411,Ravensburger,1411,Vehículo
L,Bicicleta Infantil 1412,DJI,1412,Exterior
M,Lego Star Wars 1413,Ty,1413,Manualidad
N,Puzzle 1000 Piezas 1414,Hasbro,1414,Manualidad
O,Puzzle 1000 Piezas 1415,BH,1415,Electrónico
P,Puzzle 1000 Piezas 1416,Hasbro,1416,Juego de Mesa
Q,Monopoly Clásico 1417,Ravensburger,1417,Puzzle
R,Transformers Optimus Prime 1418,Lego,1418,Juego de Mesa
A,Bicicleta Infantil 1419,DJI,1419,Muñeca
B,Play-Doh Kit 1420,Lego,1420,Figura de Acción
C,Play-Doh Kit 1421,Hasbro,1421,Manualidad
D,Hot Wheels Mustang 1422,Mattel,1422,Figura de Acción
E,Transformers Optimus Prime 1423,Mattel,1423,Manualidad
F,Hot Wheels Mustang 1424,Ravensburger,1424,Puzzle
G,Drone DJI Mini 1425,Ravensburger,1425,Manualidad
H,Transformers Optimus Prime 1426,Lego,1426,Muñeca
I,Transformers Optimus Prime 1427,Play-Doh,1427,Manualidad
J,Lego Star Wars 1428,DJI,1428,Exterior
K,Puzzle 1000 Piezas 1429,BH,1429,Juego de Mesa
L,Osito de Peluche 1430,DJI,1430,Peluche
M,Transformers Optimus Prime 1431,Hasbro,1431,Vehículo
N,Drone DJI Mini 1432,Ravensburger,1432,Exterior
O,Bicicleta Infantil 1433,Hasbro,1433,Muñeca
P,Lego Star Wars 1434,Ty,1434,Figura de Acción
Q,Transformers Optimus Prime 1435,Lego,1435,Figura de Acción
R,Drone DJI Mini 1436,Play-Doh,1436,Electrónico
A,Muñeca Barbie 1437,DJI,1437,Electrónico
A,Monopoly Clásico 1438,Hasbro,1438,Figura de Acción
B,Osito de Peluche 1439,Play-Doh,1439,Peluche
C,Monopoly Clásico 1440,Mattel,1440,Peluche
D,Monopoly Clásico 1441,Ty,1441,Juego de Mesa
E,Hot Wheels Mustang 1442,DJI,1442,Muñeca
F,Monopoly Clásico 1443,Lego,1443,Exterior
G,Bicicleta Infantil 1444,Ty,1444,Manualidad
H,Hot Wheels Mustang 1445,Ty,1445,Figura de Acción
I,Hot Wheels Mustang 1446,Play-Doh,1446,Vehículo
J,Drone DJI Mini 1447,Hasbro,1447,Muñeca
K,Osito de Peluche 1448,Ravensburger,1448,Manualidad
L,Puzzle 1000 Piezas 1449,Lego,1449,Juego de Mesa
M,Drone DJI Mini 1450,DJI,1450,Juego de Mesa
N,Hot Wheels Mustang 1451,Ty,1451,Puzzle
O,Drone DJI Mini 1452,Lego,1452,Figura de Acción
P,Transformers Optimus Prime 1453,Mattel,1453,Puzzle
Q,Hot Wheels Mustang 1454,Play-Doh,1454,Manualidad
R,Drone DJI Mini 1455,Hasbro,1455,Juego de Mesa
S,Hot Wheels Mustang 1456,DJI,1456,Peluche
T,Muñeca Barbie 1457,Mattel,1457,Peluche
U,Lego Star Wars 1458,Ravensburger,1458,Exterior
V,Monopoly Clásico 1459,Hasbro,1459,Peluche
W,Lego Star Wars 1460,Hasbro,1460,Construcción
X,Play-Doh Kit 1461,Ty,1461,Juego de Mesa
Y,Monopoly Clásico 1462,Ravensburger,1462,Exterior
Z,Monopoly Clásico 1463,BH,1463,Vehículo
A,Monopoly Clásico 1464,BH,1464,Juego de Mesa
B,Bicicleta Infantil 1465,Lego,1465,Manualidad
C,Drone DJI Mini 1466,Hasbro,1466,Juego de Mesa
D,Osito de Peluche 1467,Lego,1467,Electrónico
E,Muñeca Barbie 1468,Mattel,1468,Manualidad
F,Muñeca Barbie 1469,Ty,1469,Figura de Acción
G,Lego Star Wars 1470,Hasbro,1470,Exterior
H,Hot Wheels Mustang 1471,Lego,1471,Peluche
I,Lego Star Wars 1472,Play-Doh,1472,Exterior
J,Bicicleta Infantil 1473,BH,1473,Vehículo
K,Hot Wheels Mustang 1474,DJI,1474,Construcción
L,Hot Wheels Mustang 1475,DJI,1475,Figura de Acción
M,Lego Star Wars 1476,Ty,1476,Electrónico
N,Monopoly Clásico 1477,BH,1477,Muñeca
O,Play-Doh Kit 1478,Mattel,1478,Juego de Mesa
P,Muñeca Barbie 1479,Play-Doh,1479,Construcción
Q,Drone DJI Mini 1480,DJI,1480,Vehículo
R,Drone DJI Mini 1481,Lego,1481,Puzzle
S,Monopoly Clásico 1482,Play-Doh,1482,Juego de Mesa
T,Puzzle 1000 Piezas 1483,Ravensburger,1483,Juego de Mesa
U,Transformers Optimus Prime 1484,Play-Doh,1484,Vehículo
V,Transformers Optimus Prime 1485,Ty,1485,Manualidad
W,Transformers Optimus Prime 1486,Ty,1486,Puzzle
X,Puzzle 1000 Piezas 1487,BH,1487,Puzzle
Y,Monopoly Clásico 1488,Play-Doh,1488,Juego de Mesa
Z,Transformers Optimus Prime 1489,Ty,1489,Juego de Mesa
,Transformers Optimus Prime 1490,Ty,1490,Exterior
A,Transformers Optimus Prime 1491,Ty,1491,Juego de Mesa
B,Drone DJI Mini 1492,Ty,1492,Figura de Acción
C,Transformers Optimus Prime 1493,Hasbro,1493,Construcción
D,Transformers Optimus Prime 1494,BH,1494,Muñeca
E,Transformers Optimus Prime 1495,Ravensburger,1495,Juego de Mesa
F,Puzzle 1000 Piezas 1496,DJI,1496,Manualidad
G,Muñeca Barbie 1497,Play-Doh,1497,Figura de Acción
H,Bicicleta Infantil 1498,Ty,1498,Manualidad
I,Puzzle 1000 Piezas 1499,DJI,1499,Exterior
J,Puzzle 1000 Piezas 1500,BH,1500,Figura de Acción
K,Play-Doh Kit 1501,Lego,1501,Puzzle
L,Puzzle 1000 Piezas 1502,Hasbro,1502,Figura de Acción
M,Muñeca Barbie 1503,Mattel,1503,Peluche
N,Muñeca Barbie 1504,BH,1504,Electrónico
O,Hot Wheels Mustang 1505,DJI,1505,Construcción
P,Lego Star Wars 1506,Ty,1506,Construcción
Q,Monopoly Clásico 1507,Play-Doh,1507,Manualidad
R,Lego Star Wars 1508,BH,1508,Figura de Acción
S,Bicicleta Infantil 1509,Lego,1509,Juego de Mesa
T,Play-Doh Kit 1510,Mattel,1510,Electrónico
U,Bicicleta Infantil 1511,Ravensburger,1511,Puzzle
V,Drone DJI Mini 1512,BH,1512,Exterior
W,Puzzle 1000 Piezas 1513,DJI,1513,Figura de Acción
X,Lego Star Wars 1514,Mattel,1514,Exterior
A,Drone DJI Mini 1515,Play-Doh,1515,Vehículo
B,Transformers Optimus Prime 1516,Ravensburger,1516,Muñeca
C,Transformers Optimus Prime 1517,Lego,1517,Figura de Acción
D,Hot Wheels Mustang 1518,DJI,1518,Manualidad
E,Bicicleta Infantil 1519,Mattel,1519,Juego de Mesa
F,Lego Star Wars 1520,Hasbro,1520,Juego de Mesa
G,Monopoly Clásico 1521,Mattel,1521,Peluche
H,Transformers Optimus Prime 1522,DJI,1522,Construcción
I,Osito de Peluche 1523,Lego,1523,Electrónico
J,Osito de Peluche 1524,Ty,1524,Vehículo
K,Osito de Peluche 1525,Mattel,1525,Construcción
L,Hot Wheels Mustang 1526,Play-Doh,1526,Exterior
M,Osito de Peluche 1527,Ty,1527,Juego de Mesa
N,Bicicleta Infantil 1528,Lego,1528,Manualidad
O,Bicicleta Infantil 1529,Mattel,1529,Manualidad
P,Hot Wheels Mustang 1530,Lego,1530,Puzzle
Q,Bicicleta Infantil 1531,Ty,1531,Muñeca
A,Lego Star Wars 1532,Ravensburger,1532,Exterior
B,Puzzle 1000 Piezas 1533,Mattel,1533,Puzzle
C,Hot Wheels Mustang 1534,Play-Doh,1534,Muñeca
D,Muñeca Barbie 1535,Ravensburger,1535,Muñeca
E,Transformers Optimus Prime 1536,Ty,1536,Construcción
F,Transformers Optimus Prime 1537,BH,1537,Vehículo
G,Muñeca Barbie 1538,DJI,1538,Vehículo
H,Osito de Peluche 1539,Ty,1539,Juego de Mesa
I,Play-Doh Kit 1540,BH,1540,Puzzle
J,Monopoly Clásico 1541,BH,1541,Manualidad
K,Bicicleta Infantil 1542,Ty,1542,Construcción
L,Muñeca Barbie 1543,Mattel,1543,Figura de Acción
M,Lego Star Wars 1544,Ty,1544,Vehículo
N,Lego Star Wars 1545,Ravensburger,1545,Muñeca
O,Puzzle 1000 Piezas 1546,Ravensburger,1546,Peluche
P,Play-Doh Kit 1547,Ty,1547,Construcción
Q,Puzzle 1000 Piezas 1548,Hasbro,1548,Figura de Acción
R,Play-Doh Kit 1549,Hasbro,1549,Vehículo
A,Osito de Peluche 1550,Ty,1550,Juego de Mesa
B,Play-Doh Kit 1551,Ravensburger,1551,Figura de Acción
C,Play-Doh Kit 1552,BH,1552,Manualidad
D,Monopoly Clásico 1553,DJI,1553,Vehículo
E,Hot Wheels Mustang 1554,Play-Doh,1554,Vehículo
F,Hot Wheels Mustang 1555,Ravensburger,1555,Peluche
G,Play-Doh Kit 1556,BH,1556,Peluche
H,Osito de Peluche 1557,DJI,1557,Vehículo
I,Lego Star Wars 1558,Hasbro,1558,Electrónico
J,Transformers Optimus Prime 1559,DJI,1559,Puzzle
K,Monopoly Clásico 1560,DJI,1560,Exterior
L,Lego Star Wars 1561,Ty,1561,Puzzle
M,Lego Star Wars 1562,Play-Doh,1562,Puzzle
N,Transformers Optimus Prime 1563,Lego,1563,Muñeca
A,Bicicleta Infantil 1564,Mattel,1564,Construcción
B,Transformers Optimus Prime 1565,Play-Doh,1565,Vehículo
C,Puzzle 1000 Piezas 1566,Ravensburger,1566,Juego de Mesa
D,Puzzle 1000 Piezas 1567,BH,1567,Muñeca
E,Osito de Peluche 1568,Hasbro,1568,Muñeca
F,Bicicleta Infantil 1569,Ty,1569,Exterior
G,Puzzle 1000 Piezas 1570,Mattel,1570,Electrónico
H,Drone DJI Mini 1571,Hasbro,1571,Construcción
I,Osito de Peluche 1572,Hasbro,1572,Puzzle
J,Muñeca Barbie 1573,Ty,1573,Electrónico
K,Play-Doh Kit 1574,Ravensburger,1574,Figura de Acción
L,Muñeca Barbie 1575,BH,1575,Puzzle
M,Hot Wheels Mustang 1576,Play-Doh,1576,Vehículo
N,Muñeca Barbie 1577,Lego,1577,Juego de Mesa
O,Osito de Peluche 1578,Ravensburger,1578,Manualidad
A,Monopoly Clásico 1579,DJI,1579,Manualidad
B,Transformers Optimus Prime 1580,Play-Doh,1580,Muñeca
C,Play-Doh Kit 1581,Ty,1581,Exterior
D,Puzzle 1000 Piezas 1582,BH,1582,Vehículo
E,Play-Doh Kit 1583,BH,1583,Exterior
F,Drone DJI Mini 1584,Ravensburger,1584,Vehículo
G,Monopoly Clásico 1585,BH,1585,Vehículo
H,Hot Wheels Mustang 1586,DJI,1586,Juego de Mesa
I,Osito de Peluche 1587,Mattel,1587,Figura de Acción
J,Bicicleta Infantil 1588,Hasbro,1588,Peluche
K,Play-Doh Kit 1589,Hasbro,1589,Vehículo
L,Muñeca Barbie 1590,BH,1590,Vehículo
M,Monopoly Clásico 1591,Ty,1591,Juego de Mesa
N,Hot Wheels Mustang 1592,Lego,1592,Puzzle
O,Bicicleta Infantil 1593,Lego,1593,Electrónico
P,Monopoly Clásico 1594,DJI,1594,Vehículo
Q,Puzzle 1000 Piezas 1595,Mattel,1595,Exterior
R,Hot Wheels Mustang 1596,Play-Doh,1596,Exterior
A,Transformers Optimus Prime 1597,Ty,1597,Juego de Mesa
B,Bicicleta Infantil 1598,Lego,1598,Manualidad
C,Puzzle 1000 Piezas 1599,Mattel,1599,Construcción
D,Monopoly Clásico 1600,Hasbro,1600,Puzzle
E,Drone DJI Mini 1601,Ravensburger,1601,Peluche
F,Drone DJI Mini 1602,Mattel,1602,Electrónico
G,Osito de Peluche 1603,Ravensburger,1603,Vehículo
H,Play-Doh Kit 1604,DJI,1604,Manualidad
I,Hot Wheels Mustang 1605,Hasbro,1605,Electrónico
J,Lego Star Wars 1606,Ty,1606,Muñeca
K,Puzzle 1000 Piezas 1607,Hasbro,1607,Peluche
L,Transformers Optimus Prime 1608,Ty,1608,Construcción
M,Play-Doh Kit 1609,DJI,1609,Puzzle
N,Transformers Optimus Prime 1610,Ty,1610,Vehículo
O,Transformers Optimus Prime 1611,Hasbro,1611,Puzzle
P,Drone DJI Mini 1612,BH,1612,Figura de Acción
Q,Hot Wheels Mustang 1613,BH,1613,Exterior
A,Bicicleta Infantil 1614,Ravensburger,1614,Exterior
B,Bicicleta Infantil 1615,Lego,1615,Figura de Acción
C,Hot Wheels Mustang 1616,Ty,1616,Juego de Mesa
D,Hot Wheels Mustang 1617,Hasbro,1617,Vehículo
E,Monopoly Clásico 1618,Hasbro,1618,Puzzle
F,Transformers Optimus Prime 1619,Ty,1619,Peluche
G,Transformers Optimus Prime 1620,Ravensburger,1620,Figura de Acción
H,Transformers Optimus Prime 1621,Lego,1621,Juego de Mesa
I,Osito de Peluche 1622,Lego,1622,Muñeca
J,Bicicleta Infantil 1623,Hasbro,1623,Electrónico
K,Transformers Optimus Prime 1624,Play-Doh,1624,Vehículo
L,Transformers Optimus Prime 1625,Ravensburger,1625,Figura de Acción
M,Drone DJI Mini 1626,DJI,1626,Peluche
N,Muñeca Barbie 1627,Mattel,1627,Construcción
O,Muñeca Barbie 1628,Ty,1628,Exterior
P,Puzzle 1000 Piezas 1629,Lego,1629,Muñeca
Q,Transformers Optimus Prime 1630,Ravensburger,1630,Vehículo
R,Drone DJI Mini 1631,Ty,1631,Exterior
A,Lego Star Wars 1632,Lego,1632,Figura de Acción
B,Transformers Optimus Prime 1633,DJI,1633,Manualidad
C,Bicicleta Infantil 1634,Ty,1634,Vehículo
D,Monopoly Clásico 1635,Hasbro,1635,Puzzle
E,Osito de Peluche 1636,DJI,1636,Construcción
F,Bicicleta Infantil 1637,DJI,1637,Juego de Mesa
G,Drone DJI Mini 1638,BH,1638,Figura de Acción
H,Drone DJI Mini 1639,Mattel,1639,Vehículo
I,Transformers Optimus Prime 1640,DJI,1640,Manualidad
J,Bicicleta Infantil 1641,DJI,1641,Peluche
K,Monopoly Clásico 1642,DJI,1642,Puzzle
L,Osito de Peluche 1643,Lego,1643,Construcción
M,Osito de Peluche 1644,Hasbro,1644,Construcción
N,Bicicleta Infantil 1645,Hasbro,1645,Exterior
O,Play-Doh Kit 1646,BH,1646,Construcción
P,Transformers Optimus Prime 1647,Ravensburger,1647,Construcción
Q,Play-Doh Kit 1648,Lego,1648,Vehículo
R,Lego Star Wars 1649,BH,1649,Juego de Mesa
A,Drone DJI Mini 1650,Hasbro,1650,Puzzle
B,Play-Doh Kit 1651,BH,1651,Juego de Mesa
C,Transformers Optimus Prime 1652,BH,1652,Electrónico
D,Puzzle 1000 Piezas 1653,Ty,1653,Construcción
E,Drone DJI Mini 1654,Mattel,1654,Vehículo
F,Play-Doh Kit 1655,Ravensburger,1655,Manualidad
G,Transformers Optimus Prime 1656,DJI,1656,Vehículo
H,Hot Wheels Mustang 1657,Ty,1657,Puzzle
I,Transformers Optimus Prime 1658,Lego,1658,Muñeca
J,Monopoly Clásico 1659,Ty,1659,Electrónico
K,Lego Star Wars 1660,Lego,1660,Juego de Mesa
L,Transformers Optimus Prime 1661,Ty,1661,Construcción
M,Play-Doh Kit 1662,Hasbro,1662,Muñeca
N,Transformers Optimus Prime 1663,Hasbro,1663,Juego de Mesa
O,Muñeca Barbie 1664,BH,1664,Electrónico
P,Bicicleta Infantil 1665,Play-Doh,1665,Electrónico
Q,Monopoly Clásico 1666,BH,1666,Vehículo
R,Bicicleta Infantil 1667,Lego,1667,Puzzle
A,Hot Wheels Mustang 1668,Mattel,1668,Puzzle
B,Osito de Peluche 1669,Ravensburger,1669,Figura de Acción
C,Monopoly Clásico 1670,BH,1670,Electrónico
D,Hot Wheels Mustang 1671,Lego,1671,Puzzle
E,Transformers Optimus Prime 1672,Play-Doh,1672,Manualidad
F,Transformers Optimus Prime 1673,Play-Doh,1673,Vehículo
G,Lego Star Wars 1674,Ty,1674,Construcción
H,Osito de Peluche 1675,Ravensburger,1675,Juego de Mesa
I,Drone DJI Mini 1676,Mattel,1676,Figura de Acción
J,Bicicleta Infantil 1677,BH,1677,Muñeca
K,Play-Doh Kit 1678,Ravensburger,1678,Peluche
L,Drone DJI Mini 1679,Play-Doh,1679,Peluche
M,Monopoly Clásico 1680,Mattel,1680,Exterior
N,Drone DJI Mini 1681,Mattel,1681,Figura de Acción
O,Lego Star Wars 1682,Mattel,1682,Figura de Acción
A,Puzzle 1000 Piezas 1683,BH,1683,Construcción
B,Drone DJI Mini 1684,Play-Doh,1684,Puzzle
C,Lego Star Wars 1685,Ravensburger,1685,Peluche
D,Puzzle 1000 Piezas 1686,Hasbro,1686,Puzzle
E,Muñeca Barbie 1687,Ravensburger,1687,Electrónico
F,Bicicleta Infantil 1688,Play-Doh,1688,Vehículo
G,Drone DJI Mini 1689,Mattel,1689,Construcción
H,Monopoly Clásico 1690,Hasbro,1690,Exterior
I,Transformers Optimus Prime 1691,Ravensburger,1691,Electrónico
J,Hot Wheels Mustang 1692,DJI,1692,Juego de Mesa
K,Monopoly Clásico 1693,Play-Doh,1693,Muñeca
L,Muñeca Barbie 1694,DJI,1694,Peluche
M,Play-Doh Kit 1695,Mattel,1695,Peluche
N,Osito de Peluche 1696,DJI,1696,Construcción
O,Play-Doh Kit 1697,Ravensburger,1697,Muñeca
P,Osito de Peluche 1698,DJI,1698,Figura de Acción
Q,Transformers Optimus Prime 1699,Play-Doh,1699,Juego de Mesa
R,Drone DJI Mini 1700,Mattel,1700,Peluche
A,Hot Wheels Mustang 1701,Lego,1701,Peluche
B,Lego Star Wars 1702,Lego,1702,Muñeca
C,Play-Doh Kit 1703,DJI,1703,Construcción
D,Transformers Optimus Prime 1704,Lego,1704,Figura de Acción
E,Play-Doh Kit 1705,Ravensburger,1705,Puzzle
F,Puzzle 1000 Piezas 1706,Play-Doh,1706,Vehículo
G,Hot Wheels Mustang 1707,Play-Doh,1707,Puzzle
H,Monopoly Clásico 1708,Lego,1708,Figura de Acción
I,Muñeca Barbie 1709,Ty,1709,Exterior
J,Transformers Optimus Prime 1710,Ravensburger,1710,Manualidad
K,Transformers Optimus Prime 1711,Mattel,1711,Electrónico
L,Hot Wheels Mustang 1712,Ravensburger,1712,Vehículo
M,Lego Star Wars 1713,Lego,1713,Construcción
N,Monopoly Clásico 1714,Hasbro,1714,Puzzle
O,Play-Doh Kit 1715,Mattel,1715,Peluche
P,Bicicleta Infantil 1716,Lego,1716,Exterior
Q,Bicicleta Infantil 1717,Hasbro,1717,Vehículo
R,Muñeca Barbie 1718,Ty,1718,Vehículo
S,Monopoly Clásico 1719,DJI,1719,Figura de Acción
A,Drone DJI Mini 1720,Ty,1720,Exterior
B,Play-Doh Kit 1721,Ty,1721,Construcción
C,Play-Doh Kit 1722,Lego,1722,Exterior
D,Hot Wheels Mustang 1723,Hasbro,1723,Vehículo
E,Puzzle 1000 Piezas 1724,Ty,1724,Puzzle
F,Play-Doh Kit 1725,Ravensburger,1725,Construcción
G,Play-Doh Kit 1726,BH,1726,Exterior
H,Drone DJI Mini 1727,Hasbro,1727,Manualidad
I,Bicicleta Infantil 1728,DJI,1728,Figura de Acción
J,Bicicleta Infantil 1729,Hasbro,1729,Peluche
K,Bicicleta Infantil 1730,BH,1730,Exterior
L,Lego Star Wars 1731,Hasbro,1731,Juego de Mesa
M,Osito de Peluche 1732,Play-Doh,1732,Electrónico
N,Osito de Peluche 1733,Play-Doh,1733,Muñeca
O,Muñeca Barbie 1734,BH,1734,Manualidad
P,Hot Wheels Mustang 1735,Lego,1735,Peluche
Q,Hot Wheels Mustang 1736,Ty,1736,Puzzle
A,Muñeca Barbie 1737,Hasbro,1737,Manualidad
B,Lego Star Wars 1738,Ty,1738,Manualidad
C,Monopoly Clásico 1739,Ravensburger,1739,Vehículo
D,Puzzle 1000 Piezas 1740,Hasbro,1740,Figura de Acción
E,Hot Wheels Mustang 1741,Ty,1741,Vehículo
F,Transformers Optimus Prime 1742,DJI,1742,Vehículo
G,Bicicleta Infantil 1743,Lego,1743,Construcción
H,Transformers Optimus Prime 1744,Play-Doh,1744,Manualidad
I,Play-Doh Kit 1745,Lego,1745,Exterior
J,Transformers Optimus Prime 1746,DJI,1746,Construcción
K,Transformers Optimus Prime 1747,Hasbro,1747,Juego de Mesa
L,Hot Wheels Mustang 1748,Ravensburger,1748,Vehículo
M,Transformers Optimus Prime 1749,Hasbro,1749,Exterior
N,Play-Doh Kit 1750,Play-Doh,1750,Muñeca
O,Play-Doh Kit 1751,Mattel,1751,Puzzle
A,Monopoly Clásico 1752,Play-Doh,1752,Construcción
B,Puzzle 1000 Piezas 1753,BH,1753,Electrónico
C,Muñeca Barbie 1754,Lego,1754,Manualidad
D,Transformers Optimus Prime 1755,Hasbro,1755,Manualidad
E,Drone DJI Mini 1756,Ty,1756,Electrónico
F,Bicicleta Infantil 1757,Ravensburger,1757,Muñeca
G,Drone DJI Mini 1758,Play-Doh,1758,Peluche
H,Play-Doh Kit 1759,Lego,1759,Construcción
I,Hot Wheels Mustang 1760,Play-Doh,1760,Puzzle
J,Hot Wheels Mustang 1761,Lego,1761,Manualidad
K,Play-Doh Kit 1762,Hasbro,1762,Exterior
L,Muñeca Barbie 1763,Mattel,1763,Puzzle
M,Muñeca Barbie 1764,DJI,1764,Vehículo
N,Play-Doh Kit 1765,Hasbro,1765,Peluche
O,Muñeca Barbie 1766,Play-Doh,1766,Figura de Acción
A,Bicicleta Infantil 1767,DJI,1767,Figura de Acción
B,Hot Wheels Mustang 1768,Ty,1768,Electrónico
C,Hot Wheels Mustang 1769,Lego,1769,Peluche
D,Muñeca Barbie 1770,Lego,1770,Peluche
E,Play-Doh Kit 1771,Hasbro,1771,Manualidad
F,Bicicleta Infantil 1772,DJI,1772,Puzzle
G,Bicicleta Infantil 1773,BH,1773,Vehículo
H,Play-Doh Kit 1774,Ty,1774,Muñeca
I,Play-Doh Kit 1775,Ty,1775,Juego de Mesa
J,Drone DJI Mini 1776,Hasbro,1776,Juego de Mesa
K,Play-Doh Kit 1777,Lego,1777,Juego de Mesa
L,Hot Wheels Mustang 1778,Hasbro,1778,Figura de Acción
M,Puzzle 1000 Piezas 1779,Ty,1779,Muñeca
N,Osito de Peluche 1780,DJI,1780,Exterior
O,Hot Wheels Mustang 1781,Play-Doh,1781,Peluche
P,Hot Wheels Mustang 1782,Ty,1782,Juego de Mesa
Q,Play-Doh Kit 1783,Mattel,1783,Electrónico
A,Osito de Peluche 1784,BH,1784,Vehículo
B,Play-Doh Kit 1785,BH,1785,Peluche
C,Transformers Optimus Prime 1786,Ty,1786,Juego de Mesa
D,Transformers Optimus Prime 1787,Ty,1787,Construcción
E,Puzzle 1000 Piezas 1788,Mattel,1788,Figura de Acción
F,Monopoly Clásico 1789,Hasbro,1789,Exterior
G,Transformers Optimus Prime 1790,Play-Doh,1790,Peluche
H,Hot Wheels Mustang 1791,Mattel,1791,Juego de Mesa
I,Puzzle 1000 Piezas 1792,Lego,1792,Vehículo
J,Lego Star Wars 1793,Play-Doh,1793,Electrónico
K,Osito de Peluche 1794,Mattel,1794,Muñeca
L,Transformers Optimus Prime 1795,Ty,1795,Exterior
M,Lego Star Wars 1796,Lego,1796,Puzzle
N,Monopoly Clásico 1797,Lego,1797,Peluche
O,Lego Star Wars 1798,DJI,1798,Puzzle
P,Lego Star Wars 1799,Ty,1799,Electrónico
Q,Bicicleta Infantil 1800,Mattel,1800,Electrónico
R,Muñeca Barbie 1801,Lego,1801,Electrónico
A,Puzzle 1000 Piezas 1802,Hasbro,1802,Puzzle
B,Drone DJI Mini 1803,Play-Doh,1803,Manualidad
C,Hot Wheels Mustang 1804,Ravensburger,1804,Exterior
D,Transformers Optimus Prime 1805,Ravensburger,1805,Construcción
E,Osito de Peluche 1806,Ty,1806,Juego de Mesa
F,Osito de Peluche 1807,Ravensburger,1807,Electrónico
G,Osito de Peluche 1808,Play-Doh,1808,Exterior
H,Drone DJI Mini 1809,Mattel,1809,Construcción
I,Osito de Peluche 1810,Hasbro,1810,Exterior
J,Bicicleta Infantil 1811,Lego,1811,Figura de Acción
K,Monopoly Clásico 1812,Play-Doh,1812,Manualidad
L,Monopoly Clásico 1813,BH,1813,Vehículo
M,Osito de Peluche 1814,BH,1814,Manualidad
N,Transformers Optimus Prime 1815,BH,1815,Exterior
O,Monopoly Clásico 1816,Hasbro,1816,Electrónico
P,Bicicleta Infantil 1817,Mattel,1817,Puzzle
Q,Lego Star Wars 1818,Mattel,1818,Electrónico
R,Play-Doh Kit 1819,DJI,1819,Exterior
S,Lego Star Wars 1820,DJI,1820,Manualidad
T,Drone DJI Mini 1821,DJI,1821,Muñeca
U,Transformers Optimus Prime 1822,BH,1822,Vehículo
A,Drone DJI Mini 1823,Mattel,1823,Peluche
B,Hot Wheels Mustang 1824,Ravensburger,1824,Peluche
C,Puzzle 1000 Piezas 1825,Lego,1825,Electrónico
D,Puzzle 1000 Piezas 1826,Ravensburger,1826,Exterior
E,Muñeca Barbie 1827,Play-Doh,1827,Muñeca
F,Drone DJI Mini 1828,BH,1828,Peluche
G,Muñeca Barbie 1829,Mattel,1829,Electrónico
H,Hot Wheels Mustang 1830,Mattel,1830,Electrónico
I,Osito de Peluche 1831,Lego,1831,Exterior
J,Monopoly Clásico 1832,Ravensburger,1832,Electrónico
K,Osito de Peluche 1833,Lego,1833,Vehículo
L,Play-Doh Kit 1834,Play-Doh,1834,Muñeca
M,Muñeca Barbie 1835,Play-Doh,1835,Vehículo
N,Hot Wheels Mustang 1836,Ty,1836,Peluche
O,Osito de Peluche 1837,Play-Doh,1837,Juego de Mesa
A,Play-Doh Kit 1838,Play-Doh,1838,Muñeca
B,Monopoly Clásico 1839,DJI,1839,Exterior
C,Puzzle 1000 Piezas 1840,BH,1840,Puzzle
D,Muñeca Barbie 1841,DJI,1841,Vehículo
E,Muñeca Barbie 1842,Hasbro,1842,Muñeca
F,Osito de Peluche 1843,BH,1843,Juego de Mesa
G,Drone DJI Mini 1844,BH,1844,Muñeca
H,Puzzle 1000 Piezas 1845,DJI,1845,Manualidad
I,Play-Doh Kit 1846,Mattel,1846,Manualidad
J,Muñeca Barbie 1847,Hasbro,1847,Juego de Mesa
K,Osito de Peluche 1848,Play-Doh,1848,Juego de Mesa
L,Muñeca Barbie 1849,Ravensburger,1849,Construcción
M,Bicicleta Infantil 1850,Lego,1850,Electrónico
N,Puzzle 1000 Piezas 1851,DJI,1851,Vehículo
O,Hot Wheels Mustang 1852,BH,1852,Electrónico
P,Drone DJI Mini 1853,Hasbro,1853,Exterior
Q,Hot Wheels Mustang 1854,Lego,1854,Manualidad
A,Muñeca Barbie 1855,Ravensburger,1855,Electrónico
B,Drone DJI Mini 1856,Ty,1856,Vehículo
C,Hot Wheels Mustang 1857,Ravensburger,1857,Peluche
D,Muñeca Barbie 1858,Ty,1858,Manualidad
E,Muñeca Barbie 1859,BH,1859,Manualidad
F,Transformers Optimus Prime 1860,DJI,1860,Muñeca
G,Puzzle 1000 Piezas 1861,Lego,1861,Exterior
H,Drone DJI Mini 1862,Play-Doh,1862,Peluche
I,Play-Doh Kit 1863,DJI,1863,Construcción
J,Transformers Optimus Prime 1864,Play-Doh,1864,Manualidad
K,Play-Doh Kit 1865,Ravensburger,1865,Muñeca
L,Play-Doh Kit 1866,Ty,1866,Exterior
M,Osito de Peluche 1867,DJI,1867,Figura de Acción
N,Hot Wheels Mustang 1868,Ty,1868,Vehículo
O,Hot Wheels Mustang 1869,Play-Doh,1869,Figura de Acción
P,Puzzle 1000 Piezas 1870,BH,1870,Peluche
Q,Drone DJI Mini 1871,DJI,1871,Peluche
R,Bicicleta Infantil 1872,Ravensburger,1872,Exterior
S,Lego Star Wars 1873,Ravensburger,1873,Manualidad
T,Play-Doh Kit 1874,Ty,1874,Vehículo
A,Hot Wheels Mustang 1875,Hasbro,1875,Vehículo
B,Play-Doh Kit 1876,Ty,1876,Peluche
C,Hot Wheels Mustang 1877,BH,1877,Puzzle
D,Monopoly Clásico 1878,DJI,1878,Muñeca
E,Muñeca Barbie 1879,Ty,1879,Vehículo
F,Lego Star Wars 1880,DJI,1880,Juego de Mesa
G,Monopoly Clásico 1881,Hasbro,1881,Juego de Mesa
H,Bicicleta Infantil 1882,DJI,1882,Manualidad
I,Muñeca Barbie 1883,Lego,1883,Muñeca
J,Bicicleta Infantil 1884,Lego,1884,Muñeca
K,Bicicleta Infantil 1885,Hasbro,1885,Peluche
L,Lego Star Wars 1886,Lego,1886,Figura de Acción
M,Lego Star Wars 1887,Lego,1887,Figura de Acción
N,Drone DJI Mini 1888,Play-Doh,1888,Peluche
O,Puzzle 1000 Piezas 1889,Hasbro,1889,Juego de Mesa
P,Muñeca Barbie 1890,Play-Doh,1890,Exterior
Q,Drone DJI Mini 1891,Ravensburger,1891,Construcción
R,Hot Wheels Mustang 1892,Mattel,1892,Muñeca
S,Osito de Peluche 1893,BH,1893,Vehículo
T,Muñeca Barbie 1894,Play-Doh,1894,Exterior
U,Monopoly Clásico 1895,Ty,1895,Puzzle
V,Bicicleta Infantil 1896,BH,1896,Figura de Acción
W,Hot Wheels Mustang 1897,Lego,1897,Electrónico
A,Osito de Peluche 1898,BH,1898,Juego de Mesa
B,Bicicleta Infantil 1899,Play-Doh,1899,Muñeca
C,Lego Star Wars 1900,BH,1900,Juego de Mesa
D,Osito de Peluche 1901,Ty,1901,Muñeca
E,Drone DJI Mini 1902,Ty,1902,Electrónico
F,Lego Star Wars 1903,Ravensburger,1903,Electrónico
G,Lego Star Wars 1904,Lego,1904,Figura de Acción
H,Bicicleta Infantil 1905,Hasbro,1905,Exterior
I,Hot Wheels Mustang 1906,DJI,1906,Manualidad
J,Lego Star Wars 1907,Ty,1907,Puzzle
K,Hot Wheels Mustang 1908,Ravensburger,1908,Muñeca
L,Hot Wheels Mustang 1909,Play-Doh,1909,Puzzle
M,Lego Star Wars 1910,BH,1910,Construcción
N,Muñeca Barbie 1911,BH,1911,Juego de Mesa
O,Hot Wheels Mustang 1912,Mattel,1912,Manualidad
A,Osito de Peluche 1913,Lego,1913,Construcción
B,Lego Star Wars 1914,Hasbro,1914,Electrónico
C,Drone DJI Mini 1915,Ty,1915,Exterior
D,Lego Star Wars 1916,Lego,1916,Electrónico
E,Hot Wheels Mustang 1917,DJI,1917,Juego de Mesa
F,Hot Wheels Mustang 1918,BH,1918,Figura de Acción
G,Play-Doh Kit 1919,Hasbro,1919,Figura de Acción
H,Puzzle 1000 Piezas 1920,Ty,1920,Figura de Acción
I,Osito de Peluche 1921,DJI,1921,Puzzle
J,Drone DJI Mini 1922,Ravensburger,1922,Puzzle
K,Transformers Optimus Prime 1923,Ravensburger,1923,Peluche
L,Transformers Optimus Prime 1924,Play-Doh,1924,Electrónico
M,Muñeca Barbie 1925,Ty,1925,Juego de Mesa
N,Bicicleta Infantil 1926,Mattel,1926,Electrónico
O,Osito de Peluche 1927,Lego,1927,Vehículo
P,Bicicleta Infantil 1928,DJI,1928,Vehículo
Q,Muñeca Barbie 1929,Ravensburger,1929,Juego de Mesa
R,Bicicleta Infantil 1930,Mattel,1930,Puzzle
A,Monopoly Clásico 1931,Ty,1931,Electrónico
B,Bicicleta Infantil 1932,Ty,1932,Vehículo
C,Play-Doh Kit 1933,Lego,1933,Figura de Acción
D,Bicicleta Infantil 1934,BH,1934,Manualidad
E,Bicicleta Infantil 1935,BH,1935,Construcción
F,Muñeca Barbie 1936,Play-Doh,1936,Juego de Mesa
G,Hot Wheels Mustang 1937,Ty,1937,Muñeca
H,Transformers Optimus Prime 1938,Ty,1938,Exterior
I,Osito de Peluche 1939,Mattel,1939,Electrónico
J,Monopoly Clásico 1940,Mattel,1940,Exterior
K,Osito de Peluche 1941,DJI,1941,Peluche
L,Puzzle 1000 Piezas 1942,Ty,1942,Vehículo
M,Monopoly Clásico 1943,Mattel,1943,Exterior
N,Drone DJI Mini 1944,Play-Doh,1944,Muñeca
O,Monopoly Clásico 1945,Mattel,1945,Puzzle
P,Hot Wheels Mustang 1946,Ravensburger,1946,Construcción
Q,Bicicleta Infantil 1947,Hasbro,1947,Electrónico
R,Play-Doh Kit 1948,Ravensburger,1948,Exterior
S,Osito de Peluche 1949,Lego,1949,Puzzle
A,Drone DJI Mini 1950,Mattel,1950,Construcción
B,Monopoly Clásico 1951,Ravensburger,1951,Manualidad
C,Transformers Optimus Prime 1952,Mattel,1952,Electrónico
D,Puzzle 1000 Piezas 1953,Mattel,1953,Vehículo
E,Lego Star Wars 1954,Mattel,1954,Vehículo
F,Puzzle 1000 Piezas 1955,Play-Doh,1955,Manualidad
G,Monopoly Clásico 1956,Lego,1956,Vehículo
H,Osito de Peluche 1957,DJI,1957,Construcción
I,Drone DJI Mini 1958,DJI,1958,Juego de Mesa
J,Puzzle 1000 Piezas 1959,BH,1959,Vehículo
K,Osito de Peluche 1960,Mattel,1960,Electrónico
L,Osito de Peluche 1961,Ty,1961,Puzzle
M,Hot Wheels Mustang 1962,Ty,1962,Peluche
N,Play-Doh Kit 1963,BH,1963,Exterior
O,Osito de Peluche 1964,DJI,1964,Manualidad
P,Lego Star Wars 1965,Hasbro,1965,Exterior
Q,Bicicleta Infantil 1966,Mattel,1966,Construcción
R,Bicicleta Infantil 1967,Play-Doh,1967,Electrónico
A,Transformers Optimus Prime 1968,Hasbro,1968,Juego de Mesa
B,Lego Star Wars 1969,Ravensburger,1969,Figura de Acción
C,Osito de Peluche 1970,Play-Doh,1970,Vehículo
D,Osito de Peluche 1971,Play-Doh,1971,Manualidad
E,Osito de Peluche 1972,Ravensburger,1972,Juego de Mesa
F,Osito de Peluche 1973,Lego,1973,Electrónico
G,Drone DJI Mini 1974,DJI,1974,Electrónico
H,Muñeca Barbie 1975,Mattel,1975,Vehículo
I,Muñeca Barbie 1976,Lego,1976,Muñeca
J,Osito de Peluche 1977,BH,1977,Peluche
K,Muñeca Barbie 1978,Ravensburger,1978,Figura de Acción
L,Drone DJI Mini 1979,Lego,1979,Electrónico
M,Puzzle 1000 Piezas 1980,DJI,1980,Vehículo
N,Drone DJI Mini 1981,Hasbro,1981,Exterior
O,Puzzle 1000 Piezas 1982,BH,1982,Juego de Mesa
P,Osito de Peluche 1983,Mattel,1983,Manualidad
Q,Lego Star Wars 1984,Play-Doh,1984,Peluche
R,Transformers Optimus Prime 1985,BH,1985,Manualidad
S,Puzzle 1000 Piezas 1986,BH,1986,Puzzle
T,Bicicleta Infantil 1987,Play-Doh,1987,Construcción
U,Play-Doh Kit 1988,Ravensburger,1988,Exterior
V,Hot Wheels Mustang 1989,Mattel,1989,Puzzle
W,Lego Star Wars 1990,BH,1990,Juego de Mesa
A,Muñeca Barbie 1991,Lego,1991,Exterior
B,Drone DJI Mini 1992,DJI,1992,Peluche
C,Osito de Peluche 1993,Hasbro,1993,Exterior
D,Drone DJI Mini 1994,BH,1994,Juego de Mesa
E,Transformers Optimus Prime 1995,Play-Doh,1995,Exterior
F,Drone DJI Mini 1996,Hasbro,1996,Peluche
G,Drone DJI Mini 1997,Hasbro,1997,Peluche
H,Drone DJI Mini 1998,BH,1998,Muñeca
I,Lego Star Wars 1999,Ravensburger,1999,Juego de Mesa
J,Lego Star Wars 2000,Hasbro,2000,Construcción